Name,Price,Units,Sales,Category
666,5.89,14,82.46,LV
$5 Old Fasioned Mondays,5,49,245.00,LV
10.30 drag shot,4,14,56.00,LV
Six & Twenty Rum,9,13,117.00,LS
6&20 Vodka,9,5,45.00,LS
Six & Twenty Old Money Whiskey,9,55,495.00,LS
Slane Irish Whisky,6,22,132.00,LB
Anderson Valley Blood Orange Gose,6,117,654.00,BI
Aberlour 12yr,9.5,25,237.50,LV
Absolut Pear,4,16,60.00,LV
Ace Cider Perry Can,5.25,44,220.50,BI
Allagash Curieux,9,21,189.00,BD
Allagash Grove Peach Kombucha Session ,5.25,5,21.00,BI
Allagash White,5.5,280,1540.00,BD
Amaretto By Morning,7.5,243,1822.50,CH
Aperol ,7,15,105.00,LV
Aperol ,7.5,93,697.50,CH
Aperol ,25,8,200.00,CH
Ardbeg,12,18,192.00,LS
Avery White Rascal,5.5,71,390.50,BI
Baby Spice (drink),7,601,4193.00,LV
Baby Spice (shot),3,42,126.00,LV
Bar Spell It $$,3,248,402.75,MD
Bday Shot,3,28,84.00,LV
Beck & Claw,9.5,109,1035.50,CH
Beefeater Gin,5.5,58,319.00,LV
Beer shot special,4.43,2999,13192.54,BD
Bell's 2 Heart,6,286,1698.00,BD
Bernheim,8,7,56.00,LB
BFS Bluprint,7.5,626,4665.00,BI
Blackberry Classic Saison ,6.25,18,112.50,BD
Blakes,5.25,424,2199.23,BI
Blakes,5,48,235.00,BI
Blanton's,16,82,1216.00,LB
Anderson Valley Blood Orange Gose,6,32,186.00,BD
Bloody Bucket,10,6,60.00,LV
Bloody Maria,9,33,297.00,LV
Bloody Mary Classic,5,105,525.00,LV
Bloody Mary Classic,5,463,2285.00,LV
Bloody Mary Pitcher,20,14,280.00,LV
Bloody Mary Southern Co,12,6,72.00,LV
Boddington's,6,170,1014.00,BI
Bombay,6.75,1,6.75,LV
Brewery 85 southern Pale Ale,4.5,7,31.50,BD
Pinot Noir,36,6,108.00,WI
Albarino,40,6,120.02,WI
Cabernet,30,28,555.00,WI
Brut,22,49,913.00,WI
Chardonnay,32.5,3,65.01,WI
Rose,24,2,24.00,WI
Garnacha,24,5,60.00,WI
Chardonnay,36,16,306.00,WI
Malbec,32,11,224.00,WI
Pinot Grigio,32,17,352.00,WI
Sauvignon Blanc,36,3,54.00,WI
Sauvignon Blanc,32,3,48.00,WI
Sauvignon Blanc,36,3,90.00,WI
Rose,24,4,36.00,WI
Coors Banquet 18pk,10,72,720.00,BI
White Claw,17,43,731.00,BI
Miller Lite,18,1,18.00,BI
Buffalo Trace,8,388,3064.00,LB
Bulleit,8,8,64.00,LB
Bushmills Whiskey,6,18,108.00,LV
Butterscotch Schnapps,4,11,4.00,LV
Buttery Nipple,4.5,32,144.00,LV
Campari,6,33,198.00,LV
CAN BEER 10.22 event,3,38,114.00,WI
Captain Morgan,4,12,48.00,LC
Captain Morgan,3.5,604,2075.50,LC
Captain Morgan,3,13,39.00,LC
Car Bomb,7.5,232,1740.00,LV
Casamigos,20,6,120.00,LV
Casamigos,8.5,529,4428.50,LV
Casamigos,9,71,522.00,LV
Cathead Honeysuckle,5.75,2,11.50,LV
Chai Old Fashioned,7,37,259.00,LV
Chambord,6.5,3,19.50,LV
Chartrues Greene,11,35,385.00,LV
Chartrues Greene,12,9,108.00,LV
Ciroc,7,2,14.00,LV
Noda Coco Loco,7,93,644.00,BI
Columbia Craft Alien Hat,5.25,127,640.50,BI
Corona,4.5,213,900.00,BI
Corona,2.78,3,8.34,BI
Crabbie's Ginger Beer,6.25,36,218.75,BI
Creme de Violette,5,1,5.00,LV
Crown Royal,7,362,2499.00,LV
Cucumber Collins,8.5,4,34.00,CH
Cutty Sark Prohibition,7,4,28.00,LC
Cutty Sark Scotch,4,106,424.00,LV
Dales Pale Ale,5,164,797.50,BI
Dalwhinnie,9,7,63.00,LS
Dark & Fernley,8.5,2,17.00,CH
Deep Eddy Vodka,3.5,3531,12267.50,LV
Deep Eddy Vodka,3,98,294.00,LV
Deep Eddy Vodka,4,84,336.00,LD
Deep Eddy Lemon,4.43,280,1231.54,LV
Dewars,5.5,23,126.50,LV
George Dickel,4,782,3104.00,LV
Dirty Horchata,7.25,40,290.00,LV
Dirty Martini,2.5,208,515.00,BV
Disaronno,6.5,124,806.00,LV
Dogfish Head 60 Min,4.5,325,1449.00,BI
Don Q,3.5,214,742.00,LC
Don Q,3,4,12.00,LC
Draft Columbia Retracement,6.5,17,110.50,BI
Draft Columbia Retracement,5.5,6,33.00,BI
Draft TC Red,6.75,66,445.50,BI
Draft TC Red,5.75,19,109.25,BI
Draft 1/2 Lazy Magnolia,4.75,10,42.75,BI
Draft 1/2 PINT,4,164,652.00,BI
Draft 1/2 PINT,4,37,148.00,BI
Draft 1/2 Service Rally,5,223,1080.00,BI
Draft 1/2 Service Rally,4,48,190.00,BI
Draft 21st Amendment Blood Orange IPA,7,35,245.00,BI
Draft 21ST Amendment El Sully Mexican Lager,6.5,5,32.50,BI
Draft Anderson Valley Boont,8,27,216.00,BI
Draft Anderson Valley Boont,7,4,28.00,BI
Draft Anderson Valley Briney Melon Gose,8,26,208.00,BI
Draft Anderson Valley Briney Melon Gose,7,6,42.00,BI
Draft Ace Cider Bloody,6.25,80,508.50,BI
Draft Ace Cider Bloody,5.25,15,75.50,BI
Draft Ace Cider Bloody,7.25,25,181.25,BI
Draft Ace Cider Bloody,6.25,6,37.50,BI
Draft Ace Pink Guava,7.25,20,145.00,BI
Draft Allagash Tripel,7.5,30,225.00,BI
Draft Allagash Tripel,6.5,5,32.50,BI
Draft Allagash White,6.25,81,533.75,BI
Draft Allagash White,5.25,22,128.00,BI
Draft Austin Blood Orange Keg,6,37,222.00,BI
Draft Austin Blood Orange Keg,5,7,35.00,BI
Draft Avery Brown,8,25,200.00,BI
Draft Avery Brown,7,8,56.00,BI
DRAFT BEER,4,34,136.00,WI
Draft Bell's Amber,6,89,534.00,BI
Draft Bell's Amber,5,22,110.00,BI
Draft Bells Flamingo,5.5,58,313.50,BI
Draft Bells Flamingo,4.5,3,13.50,BI
Draft Bells Hazy Offici,5,166,848.50,BI
Draft Bells Hazy Offici,4,46,188.25,BI
Draft Bells Oberon Wheat,5.25,43,225.75,BI
Draft Bells Oberon Wheat,4.25,12,51.00,BI
Draft Bells Porter,6,7,42.00,BI
Draft BFS Apricot Blonde,6.75,37,249.75,BI
Draft BFS Apricot Blonde,5.75,3,17.25,BI
Draft BFS Days Like This Kolsch,6,84,504.00,BI
Draft BFS Days Like This Kolsch,5,24,120.00,BI
Draft BFS Flocktoberfest,6.75,41,276.75,BI
Draft BFS South Nights Like These,6,32,180.00,BI
Draft BFS South Nights Like These,5,6,30.00,BI
Draft BFS Pils,6,570,3309.00,BI
Draft BFS Pils,5,100,500.00,BI
Draft BFS Perch: Watermelon Mint,7.5,24,180.00,BI
Draft BFS Perch: Watermelon Mint,6.5,6,39.00,BI
Draft Blakes,7.25,34,246.50,BI
Draft Blakes,6.25,7,43.75,BI
Draft Blakes,7.25,32,232.00,BI
Draft Blakes,6.25,9,56.25,BI
Draft Blakes,7.5,32,210.00,BI
Draft Blakes,6.5,7,45.50,BI
Draft Blakes,6.75,29,195.75,BI
Draft Blakes,5.75,3,17.25,BI
Draft Boldrock Honey Crisp,5.25,29,152.25,BI
Draft Boldrock Honey Crisp,4.25,8,34.00,BI
Draft Boldrock Watermelon,5.25,29,152.25,BI
Draft Boldrock Watermelon,4.25,2,8.50,BI
Draft Brewdog Hazy Jane,8,67,536.00,BI
Draft Brewdog Hazy Jane,7,7,49.00,BI
Draft Brooklyn Lager,7.25,26,188.50,BI
Draft Brooklyn Lager,6.25,8,50.00,BI
Draft Bullcity OYAH,5.75,32,184.00,BI
Draft Bullcity OYAH,4.75,9,42.75,BI
Draft Bullcity Beetnik,6,61,360.00,BI
Draft Bullcity Beetnik,5,8,40.00,BI
Draft Bullcity Berry Bl,6,59,354.00,BI
Draft Bullcity Berry Bl,5,18,90.00,BI
Draft Bullcity Bludacris Cider,6,26,156.00,BI
Draft Bullcity Bludacris Cider,5,9,45.00,BI
Draft Bullcity Cherry Tart,6,54,324.00,BI
Draft Bullcity Cherry Tart,5,10,45.00,BI
Draft Bullcity Creme De Lorange,6,25,150.00,BI
Draft Bullcity Creme De Lorange,5,4,20.00,BI
Draft Bullcity El Matador,7,25,175.00,BI
Draft Bullcity El Matador,6,7,42.00,BI
Draft Bullcity Off Main,5.75,55,310.50,BI
Draft Bullcity Off Main,4.75,18,85.50,BI
Draft Bullcity Pomme Pom Cherie,6.5,30,195.00,BI
Draft Bullcity Pomme Pom Cherie,5.5,5,27.50,BI
Draft Bull City Rico Guave,8.75,31,271.25,BI
Draft Bull City Rico Guave,7.75,9,69.75,BI
Draft Bullcity Sweet Ca,6,29,174.00,BI
Draft Bullcity Sweet Ca,5,10,50.00,BI
Draft Catawba Hopiness Haze,6.75,161,1062.00,BI
Draft Catawba Hopiness Haze,5.75,23,134.00,BI
Draft CC Tap Takeover,6,85,504.00,BI
Draft Coast Kolsch,6.25,81,506.25,BI
Draft Coast Kolsch,5.25,3,15.75,BI
Draft COAST VIENNA LAGER,6.25,35,212.50,BI
Draft COAST VIENNA LAGER,5.25,5,26.25,BI
Draft Columbia Craft Carolinian,5.75,6,34.50,BI
Draft Columbia Craft Carolinian,4.75,1,4.75,BI
Draft Columbia Craft Famously Hopped IPA,6,87,516.00,BI
Draft Columbia Craft Famously Hopped IPA,5,21,105.00,BI
Draft Columbia Craft Hazy IPA,6.5,50,318.50,BI
Draft Columbia Craft Hazy IPA,5.5,6,33.00,BI
Draft Columbia Craft Lager,6,65,387.00,BI
Draft Columbia Craft Lager,5,9,45.00,BI
Draft Columbia Craft Pineapple Guava Marshmallow Lactose,6.5,36,234.00,BI
Draft Columbia Craft Pineapple Guava Marshmallow Lactose,5.5,5,27.50,BI
Draft Columbia Craft Tangy Lime,6.5,22,143.00,BI
Draft Columbia Craft Tangy Lime,5.5,5,27.50,BI
Draft Cooper River Blonde,6.25,93,581.25,BI
Draft Cooper River Blonde,5.25,26,136.50,BI
Draft Cooper River Brew Dristrict,6.5,40,253.50,BI
Draft Cooper River Brew Dristrict,5.5,8,44.00,BI
Draft Cooper River Tropical Pale,6.5,54,351.00,BI
Draft Cooper River Tropical Pale,5.5,12,66.00,BI
Draft Columbia Craft Hazy IPA,7.75,28,217.00,BI
Draft Columbia Craft Hazy IPA,6.75,6,40.50,BI
Draft Devil's Backbone Vienna Lager,6,42,242.50,BI
Draft Devil's Backbone Vienna Lager,5,5,32.00,BI
Draft Doc's Pear,5.75,336,1916.50,BI
Draft Doc's Pear,7,36,252.00,BI
Draft Doc's Pear,6,3,18.00,BI
Draft Doc's Pear,5.5,35,192.50,BI
Draft Doc's Pear,7,29,203.00,BI
Draft Doc's Pear,6,9,54.00,BI
Draft Dogfish Head Hazy O IPA,5,20,100.00,BI
Draft Dogfish Head Hazy O IPA,4,13,52.00,BI
Draft Dogfish Head Hazy O IPA,7.25,38,275.50,BI
Draft Dogfish Head Hazy O IPA,6.25,1,6.25,BI
Draft Duclaw Pastry Mexican Hot Chocolate Brown,7.25,28,203.00,BI
Draft Duclaw Pastry Mexican Hot Chocolate Brown,6.25,7,43.75,BI
Draft Duclaw Dreamsicle,7.5,41,307.50,BI
Draft Duclaw Dreamsicle,6.5,4,26.00,BI
Draft Duclaw Sour Me Peach,8,34,264.00,BI
Draft Duclaw Sour Me Peach,7,4,28.00,BI
Draft Edmund's Bitter Heart Ale,6.75,22,148.50,BI
Draft Edmund's Bitter Heart Ale,5.75,12,69.00,BI
Draft Edmund's Something Cold Blonde,6,67,402.00,BI
Draft Edmund's Something Cold Blonde,5,5,25.00,BI
Draft Edmund's Smoking Jacket Porter,6.75,29,195.75,BI
Draft Edmund's Smoking Jacket Porter,5.75,8,46.00,BI
Draft Edmund' Sour Blackberry Raspberry,8.5,29,246.50,BI
Draft Edmund' Sour Blackberry Raspberry,7.5,8,60.00,BI
Draft Epic Tart & Juicy Sour,6.25,50,312.50,BI
Draft Epic Tart & Juicy Sour,5.25,5,26.25,BI
Draft Flight,8,50,400.00,BI
Draft Flight,7,9,63.00,BI
Draft Foothills Torch Pilsner,6,212,1227.00,BI
Draft Foothills Torch Pilsner,5,45,218.75,BI
Draft Foothills Festival Express,5.25,30,157.50,BI
Draft Foothills Festival Express,4.25,6,25.50,BI
Draft Foothills Hoppyum IPA,6.5,100,643.50,BI
Draft Foothills Hoppyum IPA,5.5,9,49.50,BI
Draft Foothills People's Porter,6.25,27,168.75,BI
Draft Foothills People's Porter,5.25,3,15.75,BI
Draft Founder's Porter,6,46,276.00,BI
Draft Founder's Porter,5,9,45.00,BI
Draft Freehouse Basic Beach Raspberry Sour,7,66,447.00,BI
Draft Freehouse Basic Beach Raspberry Sour,6,11,63.50,BI
Draft Freehouse Battery Brown,6.5,56,364.00,BI
Draft Freehouse Battery Brown,5.5,7,38.50,BI
Draft Freehouse Organic Folly's Pride,6.25,38,237.50,BI
Draft Freehouse Organic Folly's Pride,5.25,8,36.75,BI
Draft Freehouse Blue Blaze SOUR,7,35,217.00,BI
Draft Freehouse Blue Blaze SOUR,6,6,24.00,BI
Draft Freehouse Organic Green Door IPA,6,208,1218.00,BI
Draft Freehouse Organic Green Door IPA,5,60,300.00,BI
Draft French Broad Kolsch,7.25,32,232.00,BI
Draft French Broad Kolsch,6.25,4,25.00,BI
Draft Good Times Back Pocket Pale Ale,7.25,28,203.00,BI
Draft Good Times Back Pocket Pale Ale,7.25,43,311.75,BI
Draft Good Times Back Pocket Pale Ale,6.25,14,87.50,BI
Draft Good Times Blood Moon ,7.25,107,775.75,BI
Draft Good Times Blood Moon ,6.25,24,150.00,BI
Draft Good Times Carolina Sunrise,6.75,31,209.25,BI
Draft Good Times Carolina Sunrise,5.75,19,109.25,BI
Draft Good Times Doppelina,7.25,27,181.25,BI
Draft Good Times Doppelina,6.25,12,75.00,BI
Draft Good Times Dumpster Eagle Lager,6.75,101,681.75,BI
Draft Good Times Dumpster Eagle Lager,5.75,14,80.50,BI
Draft Good Times Hazy Boi,7,70,469.00,BI
Draft Good Times Lady in White Ale,7,31,209.00,BI
Draft Good Times OAB Po,6,37,252.00,BI
Draft Good Times OAB Porter,7.25,26,188.50,BI
Draft Good Times OAB Porter,6.25,8,50.00,BI
Draft Good Times OAB Porter,7.25,42,282.75,BI
Draft Good Times Shelte,6.25,9,56.25,BI
Draft Good Times The Wilds IPA,7.25,57,406.00,BI
Draft Good Times The Wilds IPA,6.25,6,37.50,BI
Draft Good Times Irish Whip Red,7,164,1110.00,BI
Draft Great Divide Car Camper Hazy Pale Ale,6.25,34,212.50,BI
Draft Great Divide Car Camper Hazy Pale Ale,5.25,7,36.75,BI
Draft Greenman IPA,7.25,34,239.25,BI
Draft Greenman IPA,6.25,6,37.50,BI
Draft Harpoon ufo white,6.5,10,65.00,BI
Draft Harpoon ufo white,5.5,2,11.00,BI
Draft Harpoon Pumpkin Ale,5,46,215.00,BI
Draft Harpoon Pumpkin Ale,4,25,100.00,BI
Draft Highand Thunderst,6,51,306.00,BI
Draft Highand Thunderst,5,15,75.00,BI
Draft Highland,6,93,558.00,BI
Draft Highland,5,21,105.00,BI
Draft Highland Cold Mountain,7.75,114,869.25,BI
Draft Highland Cold Mountain,6.75,26,175.50,BI
Draft Highland Gaelic,5,256,1522.00,BI
Draft Highland Gaelic,4,47,234.00,BI
Draft Highland Oatmeal Porter,6.5,55,338.00,BI
Draft Highland Oatmeal Porter,5.5,14,77.00,BI
Draft Highland Pilsner,6,276,1623.75,BI
Draft Highland Pilsner,5,45,230.25,BI
Draft Hiwire Bed of Nails Brown,6,24,144.00,BI
Draft Hiwire Bed of Nails Brown,5,6,30.00,BI
Draft HiWire HiPitch IP,5.75,36,207.00,BI
Draft HiWire HiPitch IP,4.75,3,14.25,BI
Draft HiWire Lemonade S,6,26,150.00,BI
Draft HiWire Lemonade S,5,5,25.00,BI
Draft Holy City Pilsner,6.5,29,188.50,BI
Draft Holy City Pilsner,5.5,11,60.50,BI
Draft House  Penny Pale,4,583,2326.80,BI
Draft House  Penny Pale,3,239,717.00,BI
Draft House $3,3,256,765.00,DS
Draft House 1/2 PINT,3,18,54.00,BI
Draft House 1/2 PINT,3,4,12.00,BI
Draft House Brown,5.25,142,745.50,BI
Draft House Brown,3,70,210.00,BI
Draft House Flight,6,5,38.00,BI
Draft House IPA,5.5,417,2288.00,BI
Draft House IPA,3,152,456.00,BI
Draft House Pale Ale,5.25,562,2919.02,BI
Draft House Pale Ale,3,219,649.50,BI
Draft House Porter,5.25,108,559.13,BI
Draft House Porter,3,44,132.00,BI
Draft Jack's HC Pear Cider,6,27,162.00,BI
Draft Jack's HC Pear Cider,5,10,50.00,BI
Draft Jack's HC Peach,6,32,174.00,BI
Draft Jack's HC Peach,5,4,20.00,BI
Draft Kona Big Wave,6,5,30.00,BI
Draft Lazy Magnolia Coffee Shoppe Coffee Stout,6,33,198.00,BI
Draft Lazy Magnolia Coffee Shoppe Coffee Stout,5,6,30.00,BI
Draft Lazy Magnolia Southern Pecan Brown,6,122,732.00,BI
Draft Lazy Magnolia Southern Pecan Brown,5,24,120.00,BI
Draft Lo Fi Blueberry Wheat,5,149,843.25,BI
Draft Lo Fi Blueberry Wheat,4,28,134.25,BI
Draft Lo Fi Mexican Lager,6.75,147,985.50,BI
Draft Lo Fi Mexican Lager,5.75,32,184.00,BI
Draft McKenzie's Cider,6.5,72,468.00,BI
Draft McKenzie's Cider,5.5,16,88.00,BI
Draft Southbound Mnt Jam,6.5,12,78.00,BI
Draft Southbound Mnt Jam,5.5,4,22.00,BI
Draft Munle Brugge City Brune,7.25,29,203.00,BI
Draft Munle Brugge City Brune,6.25,4,25.00,BI
Draft Munkle Haust Bier Harvest Lager,7.5,33,240.00,BI
Draft Munkle Haust Bier Harvest Lager,6.5,9,52.00,BI
Draft Munkle Silver Shoes Stout,7,29,196.00,BI
Draft Munkle Silver Shoes Stout,6,10,60.00,BI
Draft Munkle Gully Washer Wit,7,65,455.00,BI
Draft Munkle Gully Washer Wit,6,10,60.00,BI
Draft New Sarum Beer AF,7.5,18,135.00,BI
Draft New Sarum Beer AF,6.5,4,26.00,BI
Draft New Sarum Hurley Blood Wheat,6.25,27,168.75,BI
Draft New Sarum Hurley Blood Wheat,5.25,11,57.75,BI
Draft New Sarum Hurley Blood Wheat,6,67,402.00,BI
Draft New Sarum Hurley Blood Wheat,5,9,45.00,BI
Draft New Sarum People's Elbow,7,29,203.00,BI
Draft New Sarum People's Elbow,6,10,60.00,BI
Draft New Sarum Grimes Hazy IPA,5.75,248,1408.75,BI
Draft New Sarum Grimes Hazy IPA,4.75,35,166.25,BI
Draft New Sarum Peoples,7.75,26,201.50,BI
Draft New Sarum Peoples,6.75,7,47.25,BI
Draft New Sarum Roundhouse Porter,6,75,450.00,BI
Draft New Sarum Roundhouse Porter,5,26,130.00,BI
Draft New Sarum River Lager,5.75,130,741.75,BI
Draft New Sarum River Lager,4.75,25,118.75,BI
Draft New Sarum Sour,8.5,85,646.00,BI
Draft New Sarum Sour,7.5,17,120.00,BI
Draft New Sarum Vincent,7,37,259.00,BI
Draft New Sarum Vincent,6,2,12.00,BI
Draft NewBelgium,5.5,13,71.50,BI
Draft NewBelgium,4.5,8,36.00,BI
Draft Noble Lime Hibiscus Spritz,6.5,25,162.50,BI
Draft Noble Lime Hibiscus Spritz,5.5,5,27.50,BI
Draft Noda Hot Pistol,7.5,28,202.50,BI
Draft Noda Hot Pistol,6.5,11,71.50,BI
Draft Old Hickory Blueberry Berliner,5.5,36,187.00,BI
Draft Old Hickory Blueberry Berliner,4.5,2,9.00,BI
Draft Old Hickory Stout,5.5,31,170.50,BI
Draft Old Hickory Stout,4.5,12,54.00,BI
Draft Ommegang Rare Vos,7,25,175.00,BI
Draft Ommegang Rare Vos,6,6,36.00,BI
Draft Oskar Blues Mama's Lil Pils,5.5,271,1479.50,BI
Draft Oskar Blues Mama's Lil Pils,4.5,43,193.50,BI
Draft Oskar Blues Hazy,6.5,36,234.00,BI
Draft Oskar Blues Hazy,5.5,6,33.00,BI
Draft Palmetto Espresso,5.75,27,155.25,BI
Draft Palmetto Espresso,4.75,13,61.75,BI
Draft Palmetto Mango IPA,6.25,29,181.25,BI
Draft Palmetto Mango IPA,5.25,8,42.00,BI
Draft Pawley's Isle Pale Ale,6.25,58,370.00,BI
Draft Pawley's Isle Pale Ale,5.25,16,88.50,BI
Draft Poneysaurus Scottish Ale,6.5,31,188.50,BI
Draft Poneysaurus Scottish Ale,6,8,48.00,BI
Draft Potter's Passionfruit Mosaic Cider,7,25,168.00,BI
Draft Potter's Passionfruit Mosaic Cider,6,5,30.00,BI
Draft Redhead Trailblazer IPA,5.25,39,204.75,BI
Draft Redhead Trailblazer IPA,4.25,2,8.50,BI
Draft Revelry Lazy Day Blonde,7.25,39,275.50,BI
Draft Revelry Lazy Day Blonde,6.25,11,68.75,BI
Draft Revelry Lazy Lover English Ale,7.25,9,65.25,BI
Draft Revelry Lazy Lover English Ale,6.25,5,31.25,BI
Draft Revelry Early Evening Hazy Session IPA,7,30,203.00,BI
Draft Revelry Early Evening Hazy Session IPA,6,8,48.00,BI
Draft River Dog IPA,6.25,36,218.75,BI
Draft River Dog IPA,5.25,8,42.00,BI
Draft River Rat Broad River Red,5.75,43,247.25,BI
Draft River Rat Broad River Red,4.75,9,42.75,BI
Draft River Rat Thin Hizzy Hazy,6,28,168.00,BI
Draft River Rat Thin Hizzy Hazy,5,15,75.00,BI
Draft River Rat Twisted Lemon Wheat,5.75,80,460.00,BI
Draft River Rat Twisted Lemon Wheat,4.75,18,85.50,BI
Draft River Rat Broad River Red,6,676,4014.00,BI
Draft River Rat Broad River Red,5,129,640.00,BI
Draft Riverdog Peach,6.75,67,452.25,BI
Draft Riverdog Peach,5.75,11,63.25,BI
Draft Riverdog Pilsner,6,36,210.00,BI
Draft Riverdog Pilsner,5,3,15.00,BI
Draft Rogue Dead Guy Maibock Ale,7.25,26,174.00,BI
Draft Rogue Dead Guy Maibock Ale,6.25,6,37.50,BI
Draft Scofflaw POG Basement IPA,7,30,210.00,BI
Draft Scofflaw POG Basement IPA,6,4,24.00,BI
Draft Scoffalw Dbl Jeopardy,8,33,264.00,BI
Draft Scoffalw Dbl Jeopardy,7,4,28.00,BI
Draft Scofflaw Mimosa Keg,7.25,17,123.25,BI
Draft Scofflaw Mimosa Keg,6.25,4,25.00,BI
Draft Scofflaw Peachtree Seltzer,6.25,28,162.50,BI
Draft Scofflaw Peachtree Seltzer,5.25,1,5.25,BI
Draft Sierra Nevada Dankful,5.75,29,161.00,BI
Draft Sierra Nevada Dankful,4.75,5,23.75,BI
Draft Sierra Nevada Hazy Thing,5.75,247,1391.51,BI
Draft Sierra Nevada Hazy Thing,4.75,66,313.50,BI
Draft Sixpoint Trail Haze Hazy IPA,6,72,420.00,BI
Draft Sixpoint Trail Haze Hazy IPA,5,3,15.00,BI
Draft Sixpoint Crisp Pilsner,6.25,115,718.75,BI
Draft Sixpoint Crisp Pilsner,5.25,11,57.75,BI
Draft Sixpoint Resin DIPA,7.5,31,217.50,BI
Draft Sixpoint Resin DIPA,6.5,7,45.50,BI
Draft Sloop Oktoberfest,7.25,64,464.00,BI
Draft Sloop Oktoberfest,6.25,2,12.50,BI
Draft Southern Tier Winte Ale,6,30,180.00,BI
Draft Southern Tier Winte Ale,5,7,35.00,BI
Draft Southern Barrel Tropical Gose,7,32,224.00,BI
Draft Southern Barrel Tropical Gose,6,3,18.00,BI
Draft Steelhands Coffee Lager,6.25,57,356.25,BI
Draft Steelhands Coffee Lager,5.25,11,57.75,BI
Draft Steel Hands Pecan,6.5,105,682.50,BI
Draft Steel Hands Pecan,5.5,20,110.00,BI
Draft Steelhands DIPA,6.25,24,143.75,BI
Draft Steelhands DIPA,5.25,13,68.25,BI
Draft Steelhand Punch Clock Pilsner,6.25,20,125.00,BI
Draft Steelhand Punch Clock Pilsner,5.25,2,10.50,BI
Draft Steelhands Rauchbier,6.5,34,221.00,BI
Draft Steelhands Rauchbier,5.5,3,16.50,BI
Draft Steelhands Tropic,6.25,31,193.75,BI
Draft Steelhands Tropic,5.25,7,36.75,BI
Draft Stone Hazy,6,37,216.00,BI
Draft Stone Hazy,5,1,5.00,BI
Draft Stone IPA,7,34,238.00,BI
Draft Stone IPA,6,6,36.00,BI
Draft Sycamore Brownies,7.25,8,58.00,BI
Draft Sycamore Brownies,6.25,1,6.25,BI
Draft Sycamore Haziness IPA,7.75,28,217.00,BI
Draft Sycamore Haziness IPA,6.75,2,13.50,BI
Draft Sycamore Mountain Candy,7.25,31,224.75,BI
Draft Sycamore Mountain Candy,6.25,3,18.75,BI
Draft Terapin Hazy,6,34,204.00,BI
Draft Terapin Hazy,5,3,15.00,BI
Draft Terrapin Moohoo Stout,5,70,345.00,BI
Draft Terrapin Moohoo Stout,4,15,61.25,BI
Draft Thomas Creek cit,8,73,576.00,BI
Draft Thomas Creek cit,7,13,91.00,BI
Draft Trifecta IPA,7,1147,7980.00,BI
Draft Trifecta IPA,6,257,1536.00,BI
Draft Truly Berry Keg,6,17,102.00,BI
Draft Truly Berry Keg,5,3,15.00,BI
Draft Twister Wit,6.5,30,195.00,BI
Draft Twister Wit,5.5,9,49.50,BI
Draft 2 Blokes English Pub Ale,6.75,8,54.00,BI
Draft 2 Blokes English Pub Ale,5.75,8,46.00,BI
Draft Upcountry,6.5,133,822.50,BI
Draft Upcountry,6,109,654.00,BI
Draft Upcountry,5,16,80.00,BI
Draft Upcountry,6.25,83,493.75,BI
Draft Upcountry Isoprene Hazy IPA,6.75,60,405.00,BI
Draft Upcountry Isoprene Hazy IPA,5.75,9,51.75,BI
Draft Upcountry Scamper IPA,7,68,469.00,BI
Draft Upcountry Scamper IPA,6,9,54.00,BI
Draft Upcountry Strawb Milk IPA,6.75,61,405.00,BI
Draft Upcountry Strawb Milk IPA,5.75,14,80.50,BI
Draft Victory Golden Monkey,7.5,28,210.00,BI
Draft Victory Golden Monkey,6.5,7,45.50,BI
Draft Victory Hop Haze IPA,6,32,192.00,BI
Draft Victory Hop Haze IPA,5,2,10.00,BI
Draft Victory Merry Monkey,7.5,46,345.00,BI
Draft Victory Merry Monkey,6.5,21,136.50,BI
Draft Victory Sour Monkey,7.5,48,330.00,BI
Draft Victory Sour Monkey,6.5,17,110.50,BI
Draft Victory Summer Hazy ,6,35,192.00,BI
Draft Victory Summer Hazy ,5,5,25.00,BI
Draft Voodoo Hazy IPA,5.5,143,799.75,BI
Draft Voodoo Hazy IPA,4.5,42,198.75,BI
Draft Westbrook iPA,6.25,138,862.50,BI
Draft Westbrook iPA,5.25,30,157.50,BI
Draft Westbrook Key Lime Pie Gose,7,29,182.00,BI
Draft Westbrook Key Lime Pie Gose,6,8,42.00,BI
Draft Westbrook White THai,6,100,594.00,BI
Draft Westbrook White THai,5,17,85.00,BI
Draft Wicked Weed Freak of Nature DIPA,7.25,51,348.00,BI
Draft Wicked Weed Freak of Nature DIPA,6.25,16,100.00,BI
Draft Wild Leap Lemonade Sour,6.5,32,208.00,BI
Draft Wiseacre Ananda IPA,5,82,410.00,BI
Draft Wiseacre Ananda IPA,4,27,108.00,BI
Draft Wiseacre Coffee Milk Stout,5.5,27,143.00,BI
Draft Wiseacre Coffee Milk Stout,4.5,8,36.00,BI
Draft Wiseacre Bow Eacho Hazy,5.5,110,599.50,BI
Draft Wiseacre Bow Eacho Hazy,4.5,19,85.50,BI
Draft Wisacre Oktoberfest Gemutlichkeit,5.5,31,170.50,BI
Draft Wisacre Oktoberfest Gemutlichkeit,4.5,6,27.00,BI
Draft Wiseacre Tiny Bomb Pilsner,5.75,220,1227.64,BI
Draft Wiseacre Tiny Bomb Pilsner,4.75,50,235.13,BI
Draft Yazoo Brown,5.5,15,77.00,BI
Draft Yazoo Brown,4.5,7,31.50,BI
Draft Yazoo Calla Hazy,5.5,64,341.00,BI
Draft Yazoo Calla Hazy,4.5,14,63.00,BI
Draft Yazoo Daddy O Pilsner,5.5,60,330.00,BI
Draft Yazoo Daddy O Pilsner,4.5,12,54.00,BI
Draft Yazoo Lake Dog Lager,5.5,45,247.50,BI
Draft Yazoo Lake Dog Lager,4.5,6,27.00,BI
DraftvPalmeto Trai,6,32,180.00,BI
DraftvPalmeto Trai,5,5,25.00,BI
Drag Brunch Deep E Shot,4,5,20.00,LV
Easy Breezy,4.5,5,22.50,CH
Eddy Transfusion,5,23,115.00,LV
Edmonds Seltzer,7.5,19,142.50,BI
Edmund's Seasonal,9,487,4198.00,BI
El Jimador Reposado,4,2664,10080.00,LV
El Jimador Reposado,3,36,108.00,LV
Elysian Spacedust,6,20,120.00,BD
Espolon,5,1120,5325.00,LV
Fernet Branca,7.5,222,1627.50,LV
Fire Water,10,262,2620.00,CH
Frangelico,6,26,156.00,LV
George Dickel,3.75,4011,14853.75,LB
George Dickel,3,147,438.00,LB
George Dickel Rye,5,85,415.00,LB
GL 11.4 wine,5,12,60.00,WI
Albarino,10,16,90.00,WI
Cabernet,8,479,3776.00,WI
Brut,5.75,131,678.50,WI
Chardonnay,6.5,72,429.00,WI
Rose,6,83,492.00,WI
Rose,6,3,18.00,WI
Garnacha,6,13,60.00,WI
Chardonnay,9,125,1080.00,WI
Malbec,7.5,189,1297.50,WI
Pinot Grigio,7.5,318,2362.50,WI
Pinot Noir,9,439,3717.00,WI
Sauvignon Blanc,8.5,104,858.50,WI
Sauvignon Blanc,8.5,187,1564.00,WI
Rose,6,41,246.00,WI
Rose,6,1,6.00,WI
Glenfiddich 12yr,8,18,144.00,LV
Glenlivet Single,8,92,736.00,LV
Gone With The Gin,8,407,3232.00,CH
Good Times Carolina Sunrise,5.25,19,99.75,BI
Good Times No Sleep Til Brewklyn,6.5,23,149.50,BI
Good Times The Wilds IPA,4.5,22,94.50,BD
Gordon's Gin,3.5,1524,5230.75,LC
Gordon's Gin,3,30,90.00,LC
Grand Marnier,6,99,594.00,LV
Grapefruit Kamikaze,4.5,9,40.50,CH
Great Divide Claymore Scotch Ale,5.5,4,22.00,WI
Guiness ,5.75,400,2121.75,BI
Hendrick's Gin,8.5,339,2830.50,LC
Highland Oatmeal Porter,4.75,39,184.78,BI
Holiday Penicillin,8.5,5,42.50,LV
Hoodoo Chickory Liqueur,5.5,1,5.50,LV
Hornitos Black,7.75,20,147.25,LC
Hornitos Blanco,4,295,1088.00,LV
Hornitos Blanco,3,32,96.00,LV
Hot Toddy,2,28,56.00,LD
House beer shot special,5.31,832,4359.51,BI
Irish  Coffee,5.75,46,264.50,CH
Irish Breakfast,4,446,1780.00,LV
J.WEED,5,202,1010.00,LV
Jack Daniel's SINGLE,10.5,5,52.50,LB
Jack Daniel's,6.5,842,5401.50,LB
Jalapenis Marg,5,7,35.00,LV
Jameson,5.5,1963,10681.00,LV
Jameson,3,34,102.00,LV
Jameson Black Barrel,5.75,71,408.25,LC
Jameson Cold Brew,4,23,92.00,LV
Jameson Green Tea,3.5,2029,7007.00,LV
Jameson Caskmates IPA,6,50,300.00,LC
Jamo Flight,15,4,60.00,LV
Jamo Flight Special,10,7,70.00,LC
Jaws Bite,5,3,15.00,LV
Jello Shot,2.5,49,122.50,LV
Jen Body Bomb,8,3,24.00,LV
Jim Beam Apple,4,76,304.00,LV
Johnny Walker Rye,10,2,20.00,LC
Johnnie Walker Black,9,66,585.00,LV
Kahlua,5.75,22,126.50,LC
KayLaRita,8,715,5704.00,CH
Ketel One,6,174,1032.00,LV
Ketel One Botanicals,6,443,2616.00,LV
Kissed By A Rose,8.5,813,6910.50,CH
Knob Creek Bourbon,7.5,102,765.00,LV
Lagavulin 16,13.5,37,432.00,LV
Lagunitas Hazy Wonder ,4.75,15,71.25,BI
Larceny,6,91,546.00,LB
Deep Eddy Lemon,4.5,313,1408.50,LD
Lg Bulrush,7,7,49.00,LD
Life`s a Beach,5,10,50.00,CH
Long Island Iced Tea,6.5,84,526.50,BV
LUNAZUL SILVER,4,29,116.00,LV
Lv Mimosa,4,119,456.00,LV
Lv Mimosa,4,669,2652.00,LV
Magners Cider,5.25,338,1764.00,BI
Maker's Mark,6.5,772,4907.50,LV
Maker's Mark 101,12,38,412.00,LV
Malfy Lemon Gin,7,58,392.00,LC
Malibu Watermelon Rum,4,19,76.00,LC
Manhattan,2.5,72,177.50,BV
Marg Pitcher,20,5,100.00,LV
Marg Single,5.25,3,15.75,LV
Martini,2.5,69,172.50,BV
Mata Hari Absinthe,8.5,16,136.00,LV
Mezcal Mule,7.5,24,201.00,CH
Miller Lite,3.75,2400,8906.25,SI
Miller Lite,2.75,45,123.75,SI
Mimosa  Pitcher,16,10,160.00,LV
Mimosa  Pitcher,16,277,4368.00,LV
Mimosa Endless,20,26,520.00,LV
Mimosa Endless,20,290,5800.00,LV
Misc Liquor,8,34,156.50,LV
Mixed Cocktail,5.5,148,770.00,LV
Mixed Cocktail $6,6,13,78.00,LV
Mixed cocktail $6.5,6.5,34,195.00,LV
Mixed cocktail $7,7,109,707.00,LV
Monkey Shoulder,7.5,49,367.50,LV
Moscow Mule,7,860,5999.00,CH
Muletide Greeting,7,33,231.00,LV
New Belgium Fruit Smash Seltzer,4,271,1060.00,BD
New Sarum Grimes Hazy IPA,5.25,126,635.25,BI
New Sarum Princess peach IPA 16OZ,7,43,280.00,BI
New Sarum Blue Flower Purple Sour Power,7,19,112.00,BI
Brut,15,1,15.00,BI
NYE Champagne Glass,4.63,1,4.63,BI
Old Fashion,1.25,610,761.25,MA
Old Forrester 1910,13.5,14,162.00,LC
Old Forrester 1910,18.5,13,240.50,LC
Open Bar,7.5,193,3682.96,LB
Orange Creamsicle,4.5,11,49.50,CH
Palmetto Espresso,5,3,15.00,BD
Paulaner Oktoberfest w/ Mug  can 5pk,21,2,42.00,BI
PB Cup Shot,5,85,425.00,LV
PB&J Shot,5,13,65.00,LV
Peach Schnapps,4,2,8.00,LV
Pilsner Urquell,5,388,1935.00,BD
Pimms No 1,5.25,3,15.75,LV
Pimms No 1,5.5,13,71.50,LV
Pink Paloma,8.5,22,187.00,CH
RB Ginsburg,5,4,20.00,LV
Red Stripe,4,680,2684.00,BI
Reedy Beer,5,45,225.00,LV
Reedy Vodka,5,20,100.00,LV
Reedy Whisky,5,30,150.00,LV
Reedy Wine,5,56,280.00,LV
Revelry Seltzer,6,23,138.00,BI
Rittenhouse Rye,6,92,552.00,LV
Sangria Glass,5,37,185.00,CH
Sangria Pitcher,20,6,120.00,CH
Scofflaw Peachtree Seltzer,4.75,17,76.00,BD
Scotch Negroni,8.25,6,49.50,LV
Seattle Cider Basil Mint,7.5,169,1267.50,BI
SH Coffee,5,41,205.00,SH
Coors Banquet 18pk,2.78,6720,18150.62,SI
"Si
Coors",1.78,147,261.66,SI
Sierra Nevada Oktoberfe,5.5,57,302.50,BI
Sierra Nevada Oktoberfe,4.5,14,63.00,BI
Sierra Nevada Pale,5.5,239,1298.00,BI
Sierra Nevada Pale,5,45,220.00,BI
Six & Twenty Carolina Cream,5,33,165.00,LS
Sixpoint Resin DIPA,6.5,18,117.00,SH
Slane Irish Whisky,6.5,46,299.00,LB
Slow & Low Rye,6.25,32,200.00,LV
Smithwicks Irish Red,4,226,900.00,SH
Smoking Lounge,8,133,1048.00,MA
Smoking Lounge,2,68,134.00,MA
Victory Sour Monkey,7,546,3794.00,SH
Squirrel PB Whiskey,4.5,16,72.00,LB
St Patty Car Bomb,5,32,160.00,LV
St Patty Guiness,4,31,124.00,LV
St. Germaine,7,1,7.00,LV
Sternum Kick,9.5,240,2280.00,CH
T.C.  Dopplebock,5,11,50.00,BI
Tanqueray Sevilla,5.5,4,22.00,LD
Tanqueray,6.25,167,1025.00,LD
Tecate,4,557,2148.00,SH
The Snapper,9,137,1215.00,CH
Tito's,6,1387,8274.00,LV
Titos,8.5,88,748.00,CH
Truly Berry Variety,5,155,775.00,SH
Upcountry Strawb Milk IPA,5.25,1,5.25,SH
Upcountry Sippin on Ginger Juice,5,14,70.00,SH
Upcountry Strawb Milk IPA,5,31,100.00,SH
Vizzy Pineapple Mango,5.75,21,120.75,BI
Weihen Heffe,5,469,2335.00,BI
Weihen Original,5,221,1035.00,BI
Westbrook Orange Creamsicle Seltzer,7.75,18,139.50,BI
Westbrook IPA,6,24,144.00,BI
Westbrook Lemon Cucumber Gose,5.25,66,336.00,BI
Westbrook White Thai,5.5,62,324.50,BI
Whiskey mule,7,99,693.00,CH
White Claw,5,736,3590.00,SH
White Russian,3,107,321.00,LD
White Zombie,5,51,255.00,BI
"Wi
11.4 Cocktail",5,19,95.00,WI
Wicked Weed Freak of Nature DIPA,5.75,72,408.25,SI
WINE 10.22 event,4,55,220.00,WI
Woffler Dry Rose,9,142,1278.00,BI
Woodford Reserve,7.5,238,1710.00,LB
Woodinville,8.5,10,85.00,LB
Young's Double Choc ,6.5,160,988.00,BI
