Name,Price,Units,Sales,Year,Category,Category_2
666,5.89,14,82.46,2021,LV,Spirits
666,5.89,2,11.78,2022,LV,Spirits
666,5.89,126,724.47,2019,LV,Spirits
666,5.89,16,94.24,2020,LV,Spirits
$5 Old Fasioned Mondays,5,49,245,2021,LV,Spirits
$5 vELO carbombs,4.43,69,305.67,2022,LV,Spirits
$7 Irish  Goodbye,7,6,42,2022,LV,Spirits
10.30 drag shot,4,14,56,2021,LV,Spirits
11.4 Cocktail,5,19,95,2021,WI,Wine
5$ cocktail,5,15,75,2019,WI,Wine
57 Chevy,7,8,56,2019,WI,Wine
6-pack TOGO,20,1,20,2022,WI,Wine
Aberlour 12yr,9.5,25,237.5,2021,LV,Spirits
Aberlour 12yr,9.5,3,28.5,2022,LV,Spirits
Aberlour 12yr,9.5,18,171,2020,LV,Spirits
Aberlour 12yr,9.5,27,228,2019,LV,Spirits
Absolut Pear,4,16,60,2021,LV,Spirits
Ace Cider Perry Can,5.25,44,220.5,2021,BI,Beer
Albarino,40,6,120.02,2021,WI,Wine
Albarino,10,16,90,2021,WI,Wine
Allagash Curieux,9,21,189,2021,BD,Beer
Allagash Curieux,9,20,180,2022,BD,Beer
Allagash Grove Peach Kombucha Session ,5.25,5,21,2021,BI,Beer
Allagash Grove Peach Kombucha Session ,5.25,4,21,2022,BI,Beer
Allagash White,5.5,280,1540,2021,BD,Beer
Allagash White,5.5,101,533.5,2022,BD,Beer
Aloha,5,27,135,2019,BD,Beer
Amaretto,6,66,396,2020,BD,Beer
Amaretto,6,121,714,2019,BD,Beer
Amaretto By Morning,7.5,243,1822.5,2021,CH,Spirits
Amaretto By Morning,7.5,67,502.5,2020,CH,Spirits
Anderson Valley Blood Orange Gose,6,32,186,2021,BD,Beer
Anderson Valley Blood Orange Gose,6,796,4752,2019,BD,Beer
Anderson Valley Blood Orange Gose,6,58,348,2022,BD,Beer
Anderson Valley Blood Orange Gose,6,117,654,2021,BI,Beer
Anderson Valley Blood Orange Gose,6,499,2898,2020,CH,Spirits
Aperol,7,6,42,2022,BD,Spirits
Aperol,7,5,35,2020,BD,Spirits
Aperol,7,30,210,2019,BD,Spirits
Aperol ,25,8,200,2021,CH,Spirits
Aperol ,25,2,50,2022,CH,Spirits
Aperol ,7.5,93,697.5,2021,CH,Spirits
Aperol ,7.5,33,247.5,2022,CH,Spirits
Aperol ,7.5,21,157.5,2020,CH,Spirits
Aperol ,7.5,50,345,2019,CH,Spirits
Aperol ,7,15,105,2021,LV,Spirits
Arcimboldo,7,22,154,2019,CH,Spirits
Arctic  Seltzer,5.25,44,220.5,2019,CH,Spirits
Arctic  Seltzer,4,36,144.75,2020,CH,Spirits
Ardbeg,12,18,192,2021,LS,Spirits
Ardbeg,12,1,12,2022,LS,Spirits
Ardbeg,12,13,156,2020,LS,Spirits
Ardbeg,12,27,324,2019,LS,Spirits
Austin  Cider,5.25,19,99.75,2019,LS,Spirits
Avery White Rascal,5.5,71,390.5,2021,BI,Beer
Baby Spice (drink),7,601,4193,2021,LV,Spirits
Baby Spice (drink),7,260,1820,2022,LV,Spirits
Baby Spice (drink),7,323,2088.5,2020,LV,Spirits
Baby Spice (drink),6,242,1438.8,2019,LV,Spirits
Baby Spice (shot),3,42,126,2021,LV,Spirits
Baby Spice (shot),3,24,72,2022,LV,Spirits
Baby Spice (shot),3,87,261,2020,LV,Spirits
Baby Spice (shot),3,173,513,2019,LV,Spirits
Bakers,8.5,16,136,2020,LV,Spirits
Bakers,8.5,23,195.5,2019,LV,Spirits
Balvenine 12,11,9,99,2019,LV,Spirits
BananaCreamShot,5.75,25,143.75,2022,LV,Spirits
Bar Spell It $$,3,248,402.75,2021,MD,Spirits
Bar Spell It $$,1,588,719.5,2020,MD,Spirits
Bar Spell It $$,1,615,698.25,2019,MD,Spirits
Basil Hayden,9,89,774,2020,MD,Spirits
Basil Hayden,9,156,1395,2019,MD,Spirits
Bday Shot,3,28,84,2021,LV,Spirits
Bday Shot,3,7,21,2022,LV,Spirits
Beck & Claw,9.5,109,1035.5,2021,CH,Spirits
Beck & Claw,9.5,112,1064,2020,CH,Spirits
Beck & Claw,9.5,113,1073.5,2019,CH,Spirits
Beefeater Gin,5.5,13,71.5,2022,CH,Spirits
Beefeater Gin,5.5,17,93.5,2020,CH,Spirits
Beefeater Gin,5.5,73,401.5,2019,CH,Spirits
Beefeater Gin,5.5,58,319,2021,LV,Spirits
BEER,12,14,168,2020,LV,Spirits
Beer shot special,18,17,306,2020,BD,Beer
Beer shot special,4.43,2999,13192.54,2021,BD,Beer
Beer shot special,4.43,671,2954.81,2022,BD,Beer
Beer shot special,4.43,2776,12167.01,2020,BD,Beer
Beer shot special,4.43,3554,15449.64,2019,BD,Beer
Bell's 2 Heart,6,286,1698,2021,BD,Beer
Bell's 2 Heart,6,113,678,2022,BD,Beer
Bell's 2 Heart,6,338,2016,2020,BD,Beer
Bell's 2 Heart,6,431,2538,2019,BD,Beer
Bell's Oberon,5.25,236,1212.75,2019,BD,Beer
Bell's Rind Over Matter,3,16,65.5,2022,BD,Beer
Bernheim,8,7,56,2021,LB,Spirits
Bernheim,8,7,56,2020,LB,Spirits
Bernheim,8,8,64,2019,LB,Spirits
BFS  Bluprint,7.5,245,1800,2022,LB,Spirits
BFS  Bluprint,7.5,132,988.5,2020,LB,Spirits
BFS Blu Print,7.5,468,3465,2019,LB,Spirits
BFS Bluprint,7.5,626,4665,2021,BI,Beer
BFS Flock,5,288,2093.5,2020,BI,Beer
BFS Pilsner,6,28,168,2022,BI,Beer
BFS Pilsner,5,10,50,2022,BI,Beer
BFS Radio,6.5,11,71.5,2020,BI,Beer
BFS Radio,6.5,170,1098.5,2019,BI,Beer
BFS Stout,7.25,2,14.5,2019,BI,Beer
Blackberry Classic Saison ,6.25,18,112.5,2021,BD,Beer
Blakes,5.5,13,71.5,2020,BI,Beer
Blakes,5.5,119,697.5,2019,BI,Beer
Blakes,5.25,424,2199.23,2021,BI,Beer
Blakes,5.25,46,231,2022,BI,Beer
Blakes,5.25,481,2514.23,2020,BI,Beer
Blakes,5.25,495,2580.38,2019,BI,Beer
Blakes,5,48,235,2021,BI,Beer
Blanton's,16.5,155,1934.55,2019,BI,Spirits
Blanton's,16,44,688,2022,BI,Spirits
Blanton's,16,86,1348.5,2020,BI,Spirits
Blanton's,16,82,1216,2021,LB,Spirits
Bloody Bucket,10,6,60,2021,LV,Spirits
Bloody Bucket,10,9,90,2022,LV,Spirits
Bloody Maria,9,33,297,2021,LV,Spirits
Bloody Maria,9,3,27,2020,LV,Spirits
Bloody Maria,9,10,90,2020,LV,Spirits
Bloody Mary Classic,5,105,525,2021,LV,Spirits
Bloody Mary Classic,5,463,2285,2021,LV,Spirits
Bloody Mary Classic,5,79,390,2022,LV,Spirits
Bloody Mary Classic,5,21,105,2022,LV,Spirits
Bloody Mary Classic,5,12,60,2020,LV,Spirits
Bloody Mary Classic,5,74,369.5,2020,LV,Spirits
Bloody Mary Pitcher,20,14,280,2021,LV,Spirits
Bloody Mary Pitcher,20,2,40,2022,LV,Spirits
Bloody Mary Southern Co,12,6,72,2021,LV,Spirits
Bloody Mary Southern Co,12,1,12,2020,LV,Spirits
Bloody Mary Southern Co,12,1,12,2020,LV,Spirits
Boddington's,6,170,1014,2021,BI,Beer
Boddington's,6,57,342,2022,LV,Spirits
Boddington's,6,213,1230,2020,LV,Spirits
Boddington's,6,284,1692,2019,LV,Spirits
Bombay,6.75,1,6.75,2021,LV,Spirits
Bombay,6.75,41,276.75,2020,LV,Spirits
Bombay,6.75,52,351,2019,LV,Spirits
Botanist,7.5,27,202.5,2019,LV,Spirits
Boulevard,10,16,160,2019,LV,Spirits
Brewery 85 southern Pale Ale,4.5,7,31.5,2021,BD,Beer
Brewery 85 southern Pale Ale,4.5,7,31.5,2022,BD,Beer
Brut,24,28,378,2019,BI,Wine
Brut,22,10,110,2022,BI,Wine
Brut,22,29,433,2020,BI,Wine
Brut,15,1,15,2021,BI,Wine
Brut,6,95,570,2019,BI,Beer
Brut,5.75,41,218.5,2022,BI,Beer
Brut,5.75,89,480,2020,BI,Beer
Brut,22,49,913,2021,WI,Wine
Brut,5.75,131,678.5,2021,WI,Wine
Bucket Saint Archer,14,15,188,2020,BI,Beer
Bud Light,3.54,38,129.21,2019,BI,Beer
Buffalo Trace,8,388,3064,2021,LB,Spirits
Buffalo Trace,8,100,760,2022,LB,Spirits
Buffalo Trace,8,196,1552,2020,LB,Spirits
Buffalo Trace,8,407,3144,2019,LB,Spirits
Bulleit,8,8,64,2021,LB,Spirits
Bulleit,8,31,248,2020,LB,Spirits
Bulleit Rye,7,215,1498,2019,LB,Spirits
Bulrush,7,98,672,2019,LB,Spirits
Bulrush,7,7,49,2021,LD,Spirits
Bulrush,7,26,174.3,2020,LD,Spirits
Bushmills Whiskey,6,30,180,2020,LD,Spirits
Bushmills Whiskey,6,77,438,2019,LD,Spirits
Bushmills Whiskey,6,18,108,2021,LV,Spirits
Butterscotch Schnapps,4,11,4,2021,LV,Spirits
Butterscotch Schnapps,4,3,12,2022,LV,Spirits
Butterscotch Schnapps,4,6,24,2020,LV,Spirits
Butterscotch Schnapps,4,12,44,2019,LV,Spirits
Buttery Nipple,4.5,32,144,2021,LV,Spirits
Buttery Nipple,4.5,13,58.5,2022,LV,Spirits
Cabernet,30,13,225,2022,LV,Wine
Cabernet,30,1,15,2020,LV,Wine
Cabernet,26,4,52,2022,LV,Wine
Cabernet,30,28,555,2021,WI,Wine
Cabernet,8,479,3776,2021,WI,Wine
Cabernet,6,324,2174,2020,WI,Wine
Cabernet,6,22,103,2020,WI,Wine
Cabernet,7,634,4371.5,2019,WI,Wine
Cabernet,7,35,245,2019,WI,Wine
Cabernet,9,160,1312,2022,WI,Wine
Cabernet,6.5,14,91,2019,WI,Wine
Cabernet,6.5,60,383.5,2022,WI,Wine
Cabernet,8,13,104,2020,WI,Wine
Campari,6,33,198,2021,LV,Spirits
Campari,6,14,84,2022,LV,Spirits
Campari,6,23,132,2020,LV,Spirits
Campari,6,36,210,2019,LV,Spirits
CAN BEER 10.22 event,3,38,114,2021,WI,Wine
Captain Morgan,4,12,48,2021,LC,Spirits
Captain Morgan,3.5,604,2075.5,2021,LC,Spirits
Captain Morgan,3.5,224,777,2022,LC,Spirits
Captain Morgan,3.5,416,1428,2020,LC,Spirits
Captain Morgan,3,13,39,2021,LC,Spirits
Captain Morgan,3,7,21,2022,LC,Spirits
Car Bomb,7.5,232,1740,2021,LV,Spirits
Car Bomb,7.5,52,390,2022,LV,Spirits
Car Bomb,7.5,88,635,2020,LV,Spirits
Car Bomb,7,180,1260,2019,LV,Spirits
Carpano Antica,6,9,54,2020,LV,Spirits
Carpano Antica,6,3,18,2019,LV,Spirits
Casa Noble,6,4,24,2020,LV,Spirits
Casamigos,20,6,120,2021,LV,Spirits
Casamigos,9,71,522,2021,LV,Spirits
Casamigos,9,21,189,2022,LV,Spirits
Casamigos,8.5,529,4428.5,2021,LV,Spirits
Casamigos,8.5,145,1164.5,2022,LV,Spirits
Casamigos,8.5,452,3765.5,2020,LV,Spirits
Casamigos,8.5,428,3621,2019,LV,Spirits
Cathead Honeysuckle,5.75,2,11.5,2021,LV,Spirits
Cathead Honeysuckle,5.75,9,46,2020,LV,Spirits
Cathead Honeysuckle,5.75,26,149.5,2019,LV,Spirits
Chai Old Fashioned,7,37,259,2021,LV,Spirits
Chai Old Fashioned,7,41,287,2022,LV,Spirits
Chambord,6.5,3,19.5,2021,LV,Spirits
Chambord,6.5,1,6.5,2022,LV,Spirits
Chambord,6.5,3,19.5,2020,LV,Spirits
Chambord,6.5,19,123.5,2019,LV,Spirits
Chardonnay,36,1,18,2020,LV,Wine
Chardonnay,32.5,2,48.75,2022,LV,Wine
Chardonnay,32.5,3,65.01,2021,WI,Wine
Chardonnay,36,16,306,2021,WI,Wine
Chardonnay,6.5,72,429,2021,WI,Wine
Chardonnay,9,125,1080,2021,WI,Wine
Chardonnay,9,96,720.5,2022,WI,Wine
Chardonnay,6,129,750,2020,WI,Wine
Chardonnay,6,16,96,2020,WI,Wine
Chardonnay,6,234,1368,2019,WI,Wine
Chardonnay,6,11,66,2019,WI,Wine
Chardonnay,6.5,2,13,2020,WI,Wine
Chardonnay,9,53,441,2020,WI,Wine
Chardonnay,9,35,288,2019,WI,Wine
Chardonnay,9,4,36,2019,WI,Wine
Chardonnay,6.5,91,560.5,2022,WI,Wine
Chartrues Greene,12,9,108,2021,LV,Spirits
Chartrues Greene,12,2,24,2022,WI,Spirits
Chartrues Greene,12,4,48,2020,WI,Spirits
Chartrues Greene,12,7,84,2019,WI,Spirits
Chartrues Greene,11,35,385,2021,LV,Spirits
Chartrues Greene,11,10,99,2022,WI,Spirits
Chartrues Greene,11,20,220,2020,WI,Spirits
Chartrues Greene,11,38,412.5,2019,WI,Spirits
Ciroc,7,2,14,2021,LV,Spirits
Ciroc,7,10,70,2020,LV,Spirits
Ciroc,7,17,119,2019,LV,Spirits
Coco Loco,7,142,994,2020,LV,Spirits
Coco Loco,7,41,285.6,2019,LV,Spirits
Columbia Craft Alien Hat,5.25,127,640.5,2021,BI,Beer
Consider Me OldF,5.5,2,5.5,2022,BI,Beer
Consider me vodka,5.5,13,71.5,2022,BI,Beer
Coors Banquet 18pk,10,6,60,2022,BI,Beer
Coors Banquet 18pk,10,48,465,2020,BI,Beer
Coors Banquet 18pk,10,72,720,2021,BI,Beer
Coors Banquet 18pk,2.78,1861,5054.04,2022,BI,Beer
Coors Banquet 18pk,2.78,6144,16707.83,2020,BI,Beer
Coors Banquet 18pk,2.78,12964,34986.61,2019,BI,Beer
Coors Banquet 18pk,2.78,6720,18150.62,2021,SI,Beer
Coors Banquet 18pk,1.78,63,112.14,2022,BI,Beer
Coors Banquet 18pk,1.78,147,261.66,2021,SI,Beer
Corona,4.5,213,900,2021,BI,Beer
Corona,2.78,3,8.34,2021,BI,Beer
Crabbie's Ginger Beer,6.25,4,25,2022,BI,Beer
Crabbie's Ginger Beer,6.25,45,268.75,2020,BI,Beer
Crabbie's Ginger Beer,6.25,145,887.5,2019,BI,Beer
Crabbie's Ginger Beer,6.25,36,218.75,2021,BI,Beer
Creme de Violette,5,1,5,2021,LV,Spirits
Crown Royal,7,362,2499,2021,LV,Spirits
Crown Royal,7,76,532,2022,LV,Spirits
Crown Royal,7,230,1603,2020,LV,Spirits
Crown Royal,7,355,2457,2019,LV,Spirits
Cucumber Collins,8.5,4,34,2021,CH,Spirits
Cutty Pro,7,2,14,2022,CH,Spirits
Cutty Sark Prohibition,7,4,28,2021,LC,Spirits
Cutty Sark Scotch,4,30,120,2022,LC,Spirits
Cutty Sark Scotch,4,108,424,2020,LC,Spirits
Cutty Sark Scotch,4,111,440,2019,LC,Spirits
Cutty Sark Scotch,4,106,424,2021,LV,Spirits
Dales Pale Ale,5,164,797.5,2021,BI,Beer
Dales Pale Ale,5,270,1173,2020,BI,Beer
Dales Pale Ale,4.5,394,1746,2019,BI,Beer
Dalwhinnie,9,7,63,2021,LS,Spirits
Dalwhinnie,9,1,9,2022,LS,Spirits
Dalwhinnie,9,10,90,2020,LS,Spirits
Dalwhinnie,9,7,63,2019,LS,Spirits
Dark & Fernley,8.5,2,17,2021,CH,Spirits
Dark & Fernley,8.5,31,255,2020,CH,Spirits
Dark & Fernley,8.5,29,246.5,2019,CH,Spirits
Deep Eddy Vodka,4.5,313,1408.5,2021,LD,Spirits
Deep Eddy Vodka,4.43,57,252.51,2022,LD,Spirits
Deep Eddy Vodka,4.43,198,868.28,2020,LD,Spirits
Deep Eddy Vodka,4.43,383,1687.83,2019,LD,Spirits
Deep Eddy Vodka,4.43,280,1231.54,2021,LV,Spirits
Deep Eddy Vodka,4,84,336,2021,LD,Spirits
Deep Eddy Vodka,3.5,1049,3661,2022,CH,Spirits
Deep Eddy Vodka,3.5,2278,7927.5,2020,CH,Spirits
Deep Eddy Vodka,3.5,4235,14614.25,2019,CH,Spirits
Deep Eddy Vodka,3.5,3531,12267.5,2021,LV,Spirits
Deep Eddy Vodka,3,39,117,2022,CH,Spirits
Deep Eddy Vodka,3,98,294,2021,LV,Spirits
Dewars,5.5,23,126.5,2021,LV,Spirits
Dewars,5.5,18,99,2022,LV,Spirits
Dewars,5.5,32,176,2020,LV,Spirits
Dewars,5.5,66,354.75,2019,LV,Spirits
Dick Pick,4,313,1244,2022,LV,Spirits
Dick Pick,4,63,252,2020,LV,Spirits
Diplomatico,8,13,104,2020,LV,Spirits
Diplomatico,8,52,408,2019,LV,Spirits
Dirty Horchata,7.25,40,290,2021,LV,Spirits
Dirty Horchata,7.25,73,529.25,2022,LV,Spirits
Dirty Martini,2.5,208,515,2021,BV,Spirits
Dirty Martini,2.5,50,125,2022,BV,Spirits
Dirty Martini,2.5,45,112.5,2020,BV,Spirits
Dirty Martini,2.5,54,135,2019,BV,Spirits
Disaronno,6.5,124,806,2021,LV,Spirits
Disaronno,6.5,51,331.5,2022,LV,Spirits
Disaronno,6.5,1,6.5,2020,LV,Spirits
DOGFATHER,8.5,36,306,2022,LV,Spirits
Dogfish Head 60 Min,4.5,325,1449,2021,BI,Beer
Dogfish Head 60 Min,4.5,302,1354.5,2020,LV,Beer
Dogfish Head 60 Min,4.5,240,1080,2019,LV,Beer
Don julio,12,46,552,2022,BI,Wine
Don Q,3.5,214,742,2021,LC,Spirits
Don Q,3.5,47,164.5,2022,LC,Spirits
Don Q,3.5,15,52.5,2020,LC,Spirits
Don Q,3,4,12,2021,LC,Spirits
DONATION HHD,8,21,168,2022,LC,Spirits
Draft  French Broad,6,39,228,2020,LC,Beer
Draft  Revelry,7,29,203,2020,LC,Beer
Draft  Revelry,6.5,8,52,2020,LC,Beer
Draft  Saint Archer,4.5,22,99,2020,LC,Beer
Draft  Saint Archer,3.5,10,35,2020,LC,Beer
Draft  TC Red,5,27,135,2020,LC,Beer
Draft  TC Red,4,4,16,2020,LC,Beer
Draft $3 Mystery,3,14,42,2019,LC,Beer
Draft $3 Mystery,3,16,48,2019,LC,Beer
Draft 1/2 Lazy Magnolia,4.75,10,42.75,2021,BI,Beer
Draft 1/2 PINT,4,164,652,2021,BI,Beer
Draft 1/2 PINT,4,37,148,2021,BI,Beer
Draft 1/2 PINT,4,43,172,2022,BI,Beer
Draft 1/2 PINT,4,15,60,2022,BI,Beer
Draft 1/2 PINT,4,101,396,2020,BI,Beer
Draft 1/2 PINT,4,17,64,2020,BI,Beer
Draft 1/2 PINT,4,91,362,2019,BI,Beer
Draft 1/2 PINT,4,18,72,2019,BI,Beer
Draft 1/2 Service Rally,5,223,1080,2021,BI,Beer
Draft 1/2 Service Rally,4,48,190,2021,BI,Beer
Draft 2 Blokes English Pub Ale,6.75,8,54,2021,BI,Beer
Draft 2 Blokes English Pub Ale,5.75,8,46,2021,BI,Beer
Draft 21st Amendment Blood Orange IPA,7,35,245,2021,BI,Beer
Draft 21ST Amendment El Sully Mexican Lager,6.5,5,32.5,2021,BI,Beer
Draft 8th State,6.75,35,236.25,2019,BI,Beer
Draft 8th State,6.25,3,18.75,2019,BI,Beer
Draft Ace Cider Bloody,7.25,25,181.25,2021,BI,Beer
Draft Ace Cider Bloody,6.5,31,188.5,2022,BI,Beer
Draft Ace Cider Bloody,6.25,80,508.5,2021,BI,Beer
Draft Ace Cider Bloody,6.25,6,37.5,2021,BI,Beer
Draft Ace Cider Bloody,5.5,4,22,2022,BI,Beer
Draft Ace Cider Bloody,5.25,15,75.5,2021,BI,Beer
Draft Ace Pink Guava,7.25,20,145,2021,BI,Beer
Draft Allagash Tripel,7.5,30,225,2021,BI,Beer
Draft Allagash Tripel,7.5,28,210,2020,BI,Beer
Draft Allagash Tripel,6.5,5,32.5,2021,BI,Beer
Draft Allagash Tripel,6.5,3,19.5,2020,BI,Beer
Draft Allagash White,7.5,64,465,2020,BI,Beer
Draft Allagash White,6.5,9,57.85,2020,BI,Beer
Draft Allagash White,6.25,81,533.75,2021,BI,Beer
Draft Allagash White,5.25,22,128,2021,BI,Beer
Draft Anchor Lager,6.5,5,32.5,2020,BI,Beer
Draft Anchor Lager,5.5,21,126.75,2020,BI,Beer
Draft Anderson Valley,8,52,416,2022,BI,Beer
Draft Anderson Valley,7,11,77,2022,BI,Beer
Draft Anderson Valley,6.5,100,611,2022,BI,Beer
Draft Anderson Valley,6.5,4,26,2020,BI,Beer
Draft Anderson Valley,6.5,127,902.5,2019,BI,Beer
Draft Anderson Valley,5.5,14,77,2022,BI,Beer
Draft Anderson Valley,5.5,8,44,2020,BI,Beer
Draft Anderson Valley,5.5,37,257.5,2019,BI,Beer
Draft Anderson Valley Boont,8,27,216,2021,BI,Beer
Draft Anderson Valley Boont,7,4,28,2021,BI,Beer
Draft Anderson Valley Briney Melon Gose,8,26,208,2021,BI,Beer
Draft Anderson Valley Briney Melon Gose,7,6,42,2021,BI,Beer
Draft Austin Blood Orange Keg,6,15,90,2020,BI,Beer
Draft Austin Blood Orange Keg,6,37,222,2021,BI,Beer
Draft Austin Blood Orange Keg,5,11,55,2020,BI,Beer
Draft Austin Blood Orange Keg,5,7,35,2021,BI,Beer
Draft Austin Cranbery C,7,17,119,2020,BI,Beer
Draft Austin Cranbery C,6,11,66,2020,BI,Beer
Draft Avery Brown,8,25,200,2021,BI,Beer
Draft Avery Brown,7,8,56,2021,BI,Beer
Draft Bauernhaus Whiske,9.5,25,228,2022,BI,Beer
Draft Bauernhaus Whiske,8.5,4,34,2022,BI,Beer
DRAFT BEER,4,34,136,2021,WI,Beer
Draft Bells Amber,6.5,40,253.5,2020,WI,Beer
Draft Bells Amber,5.5,6,33,2020,WI,Beer
Draft Bell's Amber,6,89,534,2021,BI,Beer
Draft Bell's Amber,5,22,110,2021,BI,Beer
Draft Bells Flamingo,5.5,58,313.5,2021,BI,Beer
Draft Bells Flamingo,4.5,3,13.5,2021,BI,Beer
Draft Bells Hazy Offici,5,166,848.5,2021,BI,Beer
Draft Bells Hazy Offici,4,46,188.25,2021,BI,Beer
Draft Bells Oberon Wheat,5.25,43,225.75,2021,BI,Beer
Draft Bells Oberon Wheat,4.25,12,51,2021,BI,Beer
Draft Bells Porter,6,7,42,2021,BI,Beer
Draft Bells Porter,6,30,180,2022,BI,Beer
Draft Bells Porter,5,7,35,2022,BI,Beer
Draft BFS,6.75,185,1204.91,2019,BI,Beer
Draft BFS,5.75,48,276,2019,BI,Beer
Draft BFS  Stout,6,148,888,2022,BI,Beer
Draft BFS Apricot Blonde,6.75,37,249.75,2021,BI,Beer
Draft BFS Apricot Blonde,5.75,3,17.25,2021,BI,Beer
Draft BFS Blueprint,7,42,294,2022,BI,Beer
Draft BFS Days Like This Kolsch,6,66,384,2022,BI,Beer
Draft BFS Days Like This Kolsch,6,84,504,2021,BI,Beer
Draft BFS Days Like This Kolsch,5,12,60,2022,BI,Beer
Draft BFS Days Like This Kolsch,5,24,120,2021,BI,Beer
Draft BFS Flocktoberfest,6.75,41,276.75,2021,BI,Beer
Draft BFS Houdini,7,50,319,2022,BI,Beer
Draft BFS Houdini,5,9,45,2022,BI,Beer
Draft BFS Perch: Watermelon Mint,7.5,24,180,2021,BI,Beer
Draft BFS Perch: Watermelon Mint,6.5,6,39,2021,BI,Beer
Draft BFS Pils,6,570,3309,2021,BI,Beer
Draft BFS Pils,6,124,810.75,2020,BI,Beer
Draft BFS Pils,5,100,500,2021,BI,Beer
Draft BFS Pils,5,24,134.25,2020,BI,Beer
Draft BFS Pilsner,6,114,678,2022,BI,Beer
Draft BFS Pilsner,5,24,120,2022,BI,Beer
Draft BFS South Nights Like These,6,32,180,2021,BI,Beer
Draft BFS South Nights Like These,5,6,30,2021,BI,Beer
Draft Black is Beautifu,6.75,24,148.5,2020,BI,Beer
Draft Black is Beautifu,5.75,1,5.75,2020,BI,Beer
Draft Blakes,7.5,32,210,2021,BI,Beer
Draft Blakes,7.25,34,246.5,2021,BI,Beer
Draft Blakes,7.25,32,232,2021,BI,Beer
Draft Blakes,7,27,189,2020,BI,Beer
Draft Blakes,6.75,29,195.75,2021,BI,Beer
Draft Blakes,6.75,28,182.25,2020,BI,Beer
Draft Blakes,6.5,7,45.5,2021,BI,Beer
Draft Blakes,6.25,7,43.75,2021,BI,Beer
Draft Blakes,6.25,9,56.25,2021,BI,Beer
Draft Blakes,6,8,48,2020,BI,Beer
Draft Blakes,5.75,3,17.25,2021,BI,Beer
Draft Blakes,5.75,5,28.75,2020,BI,Beer
Draft Blue Ridge,6.25,102,542.25,2019,BI,Beer
Draft Blue Ridge,5.25,18,93,2019,BI,Beer
Draft Boldrock Honey Crisp,5.25,29,152.25,2021,BI,Beer
Draft Boldrock Honey Crisp,4.25,8,34,2021,BI,Beer
Draft Boldrock Pear,6,25,150,2020,BI,Beer
Draft Boldrock Pear,5,12,60,2020,BI,Beer
Draft Boldrock Watermelon,5.25,29,152.25,2021,BI,Beer
Draft Boldrock Watermelon,4.25,2,8.5,2021,BI,Beer
Draft Brewdog Hazy Jane,8,67,536,2021,BI,Beer
Draft Brewdog Hazy Jane,7,7,49,2021,BI,Beer
Draft Brooklyn Lager,7.25,26,188.5,2021,BI,Beer
Draft Brooklyn Lager,6.25,8,50,2021,BI,Beer
Draft Brooklyn Sour,6.5,79,500.5,2020,BI,Beer
Draft Brooklyn Sour,6,18,102,2020,BI,Beer
Draft Bull City Rico Guave,8.75,31,271.25,2021,BI,Beer
Draft Bull City Rico Guave,7.75,9,69.75,2021,BI,Beer
Draft Bullcity Beetnik,6,61,360,2021,BI,Beer
Draft Bullcity Beetnik,5,8,40,2021,BI,Beer
Draft Bullcity Beets,6.25,83,518.75,2022,BI,Beer
Draft Bullcity Beets,5.25,15,78.75,2022,BI,Beer
Draft Bullcity Berry Bl,6,59,354,2021,BI,Beer
Draft Bullcity Berry Bl,5,18,90,2021,BI,Beer
Draft Bullcity Bludacri,6,28,168,2022,BI,Beer
Draft Bullcity Bludacri,5,6,30,2022,BI,Beer
Draft Bullcity Bludacris Cider,6,26,156,2021,BI,Beer
Draft Bullcity Bludacris Cider,5,9,45,2021,BI,Beer
Draft BullCity Cardinal,6.75,16,108,2020,BI,Beer
Draft BullCity Cardinal,6,34,204,2022,BI,Beer
Draft BullCity Cardinal,5.75,4,23,2020,BI,Beer
Draft BullCity Cardinal,5,9,45,2022,BI,Beer
Draft Bullcity Cherry Tart,6,54,324,2021,BI,Beer
Draft Bullcity Cherry Tart,5,10,45,2021,BI,Beer
Draft Bullcity Creme De Lorange,6,25,150,2021,BI,Beer
Draft Bullcity Creme De Lorange,5,4,20,2021,BI,Beer
Draft Bullcity El Matad,7,32,217,2022,BI,Beer
Draft Bullcity El Matad,6,4,24,2022,BI,Beer
Draft Bullcity El Matador,7,25,175,2021,BI,Beer
Draft Bullcity El Matador,6,7,42,2021,BI,Beer
Draft Bullcity Off Main,5.75,55,310.5,2021,BI,Beer
Draft Bullcity Off Main,4.75,18,85.5,2021,BI,Beer
Draft Bullcity Orange,6,32,186,2022,BI,Beer
Draft Bullcity Orange,5,9,45,2022,BI,Beer
Draft Bullcity OYAH,5.75,32,184,2021,BI,Beer
Draft Bullcity OYAH,4.75,9,42.75,2021,BI,Beer
Draft Bullcity Passion,6,40,240,2022,BI,Beer
Draft Bullcity Passion,5,9,45,2022,BI,Beer
Draft Bullcity Pomme Pom Cherie,6.5,30,195,2021,BI,Beer
Draft Bullcity Pomme Pom Cherie,5.5,5,27.5,2021,BI,Beer
Draft Bullcity Sasquatc,9.25,24,222,2022,BI,Beer
Draft Bullcity Sasquatc,8.25,11,90.75,2022,BI,Beer
Draft Bullcity Sasquatc,3.5,1,3.5,2022,BI,Beer
Draft Bullcity Sweet Ca,6,29,174,2021,BI,Beer
Draft Bullcity Sweet Ca,5,10,50,2021,BI,Beer
Draft Captain Lawrence,6.25,23,143.75,2019,BI,Beer
Draft Captain Lawrence,5.75,9,46,2019,BI,Beer
Draft Catawba Hopiness Haze,6.75,161,1062,2021,BI,Beer
Draft Catawba Hopiness Haze,6.5,22,143,2019,BI,Beer
Draft Catawba Hopiness Haze,6.25,101,612.75,2020,BI,Beer
Draft Catawba Hopiness Haze,6,14,84,2019,BI,Beer
Draft Catawba Hopiness Haze,5.75,23,134,2021,BI,Beer
Draft Catawba Hopiness Haze,5.25,24,125.25,2020,BI,Beer
Draft CC Tap Takeover,6,85,504,2021,BI,Beer
Draft Chai Amber,5.5,28,132,2020,BI,Beer
Draft Chai Amber,4.5,3,13.5,2020,BI,Beer
Draft Cigar City,6,60,360,2020,BI,Beer
Draft Cigar City,5.75,208,1190.25,2019,BI,Beer
Draft Cigar City,5.25,11,57.75,2019,BI,Beer
Draft Cigar City,5,11,54.5,2020,BI,Beer
Draft Cigar City Maduro,6.25,24,150,2020,BI,Beer
Draft Cigar City Maduro,5,10,50,2020,BI,Beer
Draft Clown Shoes,6.75,23,148.5,2020,BI,Beer
Draft Clown Shoes,5.75,6,34.5,2020,BI,Beer
Draft Coast Kolsch,7.25,61,442.25,2022,BI,Beer
Draft Coast Kolsch,6.75,7,47.25,2022,BI,Beer
Draft Coast Kolsch,6.25,81,506.25,2021,BI,Beer
Draft Coast Kolsch,6.25,73,456.25,2022,BI,Beer
Draft Coast Kolsch,5.25,3,15.75,2021,BI,Beer
Draft Coast Kolsch,5.25,1,5.25,2022,BI,Beer
Draft Coast Vienna Lage,6.25,24,150,2022,BI,Beer
Draft Coast Vienna Lage,6.25,35,212.5,2021,BI,Beer
Draft Coast Vienna Lage,5.25,5,26.25,2022,BI,Beer
Draft Coast Vienna Lage,5.25,5,26.25,2021,BI,Beer
Draft Cold Mo,7.75,194,1457,2020,BI,Beer
Draft Cold Mo,7.75,373,2836.55,2019,BI,Beer
Draft Columbia,6.25,35,214.25,2019,BI,Beer
Draft Columbia,5.25,45,236.25,2019,BI,Beer
Draft Columbia Craft Carolinian,5.75,6,34.5,2021,BI,Beer
Draft Columbia Craft Carolinian,4.75,1,4.75,2021,BI,Beer
Draft Columbia Craft Famously Hopped IPA,6,87,516,2021,BI,Beer
Draft Columbia Craft Famously Hopped IPA,5,21,105,2021,BI,Beer
Draft Columbia Craft Hazy IPA,7.75,28,217,2021,BI,Beer
Draft Columbia Craft Hazy IPA,6.75,6,40.5,2021,BI,Beer
Draft Columbia Craft Hazy IPA,6.5,50,318.5,2021,BI,Beer
Draft Columbia Craft Hazy IPA,5.5,6,33,2021,BI,Beer
Draft Columbia Craft Lager,6.5,34,221,2020,BI,Beer
Draft Columbia Craft Lager,6,65,387,2021,BI,Beer
Draft Columbia Craft Lager,5.5,3,11,2020,BI,Beer
Draft Columbia Craft Lager,5,9,45,2021,BI,Beer
Draft Columbia Craft Pineapple Guava Marshmallow Lactose,6.5,36,234,2021,BI,Beer
Draft Columbia Craft Pineapple Guava Marshmallow Lactose,5.5,5,27.5,2021,BI,Beer
Draft Columbia Craft Tangy Lime,6.5,22,143,2021,BI,Beer
Draft Columbia Craft Tangy Lime,5.5,5,27.5,2021,BI,Beer
Draft Columbia Retracement,6.5,17,110.5,2021,BI,Beer
Draft Columbia Retracement,5.5,6,33,2021,BI,Beer
Draft Cooper River,8,181,1088,2022,BI,Beer
Draft Cooper River,5,47,235,2022,BI,Beer
Draft Cooper River Blonde,6.5,30,195,2020,BI,Beer
Draft Cooper River Blonde,6.25,158,968.75,2022,BI,Beer
Draft Cooper River Blonde,6.25,93,581.25,2021,BI,Beer
Draft Cooper River Blonde,6,17,102,2020,BI,Beer
Draft Cooper River Blonde,5.25,11,57.75,2022,BI,Beer
Draft Cooper River Blonde,5.25,26,136.5,2021,BI,Beer
Draft Cooper River Brew Dristrict,6.5,40,253.5,2021,BI,Beer
Draft Cooper River Brew Dristrict,5.5,8,44,2021,BI,Beer
Draft Cooper River Tropical Pale,6.5,54,351,2021,BI,Beer
Draft Cooper River Tropical Pale,5.5,12,66,2021,BI,Beer
Draft Devil's Backbone Vienna Lager,6,42,242.5,2021,BI,Beer
Draft Devil's Backbone Vienna Lager,5,5,32,2021,BI,Beer
Draft Doc's Pear,7,36,252,2021,BI,Beer
Draft Doc's Pear,7,29,203,2021,BI,Beer
Draft Doc's Pear,6,172,1005,2020,BI,Beer
Draft Doc's Pear,6,3,18,2021,BI,Beer
Draft Doc's Pear,6,9,54,2021,BI,Beer
Draft Doc's Pear,5.75,55,316.25,2022,BI,Beer
Draft Doc's Pear,5.75,336,1916.5,2021,BI,Beer
Draft Doc's Pear,5.5,35,192.5,2021,BI,Beer
Draft Dogfish Head Hazy O IPA,7.25,38,275.5,2021,BI,Beer
Draft Dogfish Head Hazy O IPA,6.5,98,525.5,2019,BI,Beer
Draft Dogfish Head Hazy O IPA,6.25,1,6.25,2021,BI,Beer
Draft Dogfish Head Hazy O IPA,5.5,31,145.5,2019,BI,Beer
Draft Dogfish Head Hazy O IPA,5,350,1975.75,2020,BI,Beer
Draft Dogfish Head Hazy O IPA,5,20,100,2021,BI,Beer
Draft Dogfish Head Hazy O IPA,4,74,307.5,2020,BI,Beer
Draft Dogfish Head Hazy O IPA,4,13,52,2021,BI,Beer
Draft Duck Rabbit,5.75,51,281.75,2019,BI,Beer
Draft Duck Rabbit,4.75,25,114,2019,BI,Beer
Draft Duclaw Dreamsicle,7.5,41,307.5,2021,BI,Beer
Draft Duclaw Dreamsicle,7,36,252,2019,BI,Beer
Draft Duclaw Dreamsicle,6.5,4,26,2021,BI,Beer
Draft Duclaw Dreamsicle,6,2,12,2019,BI,Beer
Draft Duclaw Pastry Mexican Hot Chocolate Brown,7.25,28,203,2021,BI,Beer
Draft Duclaw Pastry Mexican Hot Chocolate Brown,6.25,7,43.75,2021,BI,Beer
Draft Duclaw Sour Me Peach,8,34,264,2021,BI,Beer
Draft Duclaw Sour Me Peach,7,4,28,2021,BI,Beer
Draft Edmund' Sour Blackberry Raspberry,8.5,29,246.5,2021,BI,Beer
Draft Edmund' Sour Blackberry Raspberry,7.5,8,60,2021,BI,Beer
Draft Edmund' Sour Blackberry Raspberry,6.25,133,818.75,2022,BI,Beer
Draft Edmund' Sour Blackberry Raspberry,6.25,57,350,2020,BI,Beer
Draft Edmund' Sour Blackberry Raspberry,6.25,188,1151.89,2019,BI,Beer
Draft Edmund' Sour Blackberry Raspberry,5.25,32,168,2022,BI,Beer
Draft Edmund' Sour Blackberry Raspberry,5.25,24,126,2020,BI,Beer
Draft Edmund' Sour Blackberry Raspberry,5.25,25,135.25,2019,BI,Beer
Draft Edmund's Bitter Heart Ale,6.75,22,148.5,2021,BI,Beer
Draft Edmund's Bitter Heart Ale,5.75,12,69,2021,BI,Beer
Draft Edmunds Cereal St,7.25,151,1073,2022,BI,Beer
Draft Edmunds Cereal St,6.25,29,181.25,2022,BI,Beer
Draft Edmund's Smoking Jacket Porter,6.75,29,195.75,2021,BI,Beer
Draft Edmund's Smoking Jacket Porter,5.75,8,46,2021,BI,Beer
Draft Edmund's Something Cold Blonde,6.75,19,128.25,2022,BI,Beer
Draft Edmund's Something Cold Blonde,6,53,318,2022,BI,Beer
Draft Edmund's Something Cold Blonde,6,67,402,2021,BI,Beer
Draft Edmund's Something Cold Blonde,5.75,4,23,2022,BI,Beer
Draft Edmund's Something Cold Blonde,5,9,45,2022,BI,Beer
Draft Edmund's Something Cold Blonde,5,5,25,2021,BI,Beer
Draft Epic Tart & Juicy Sour,6.25,50,312.5,2021,BI,Beer
Draft Epic Tart & Juicy Sour,5.25,5,26.25,2021,BI,Beer
Draft Fams Skinny Vanil,6.5,34,221,2020,BI,Beer
Draft Fams Skinny Vanil,6,89,516,2020,BI,Beer
Draft Fams Skinny Vanil,5.5,4,22,2020,BI,Beer
Draft Fams Skinny Vanil,5,14,65,2020,BI,Beer
Draft FattysCran,9,18,162,2022,BI,Beer
Draft FattysCran,8,5,40,2022,BI,Beer
Draft Flight,8,50,400,2021,BI,Beer
Draft Flight,8,8,64,2022,BI,Beer
Draft Flight,7,9,63,2021,BI,Beer
Draft Flight,7,1,7,2022,BI,Beer
Draft Folly Peach,6.25,24,150,2020,BI,Beer
Draft Folly Peach,5.25,5,26.25,2020,BI,Beer
Draft Foothills Festival Express,6,20,120,2022,BI,Beer
Draft Foothills Festival Express,5.75,21,120.75,2020,BI,Beer
Draft Foothills Festival Express,5.75,58,333.5,2019,BI,Beer
Draft Foothills Festival Express,5.25,30,157.5,2021,BI,Beer
Draft Foothills Festival Express,5,5,25,2022,BI,Beer
Draft Foothills Festival Express,4.75,11,52.25,2020,BI,Beer
Draft Foothills Festival Express,4.75,15,71.25,2019,BI,Beer
Draft Foothills Festival Express,4.25,6,25.5,2021,BI,Beer
Draft Foothills Hoppyum IPA,6.5,100,643.5,2021,BI,Beer
Draft Foothills Hoppyum IPA,5.5,9,49.5,2021,BI,Beer
Draft Foothills People's Porter,6.25,27,168.75,2021,BI,Beer
Draft Foothills People's Porter,5.25,3,15.75,2021,BI,Beer
Draft Foothills Torch Pilsner,6,212,1227,2021,BI,Beer
Draft Foothills Torch Pilsner,5,45,218.75,2021,BI,Beer
Draft Founder's Porter,6,46,276,2021,BI,Beer
Draft Founder's Porter,5,9,45,2021,BI,Beer
Draft Freehouse Basic Beach Raspberry Sour,7,66,447,2021,BI,Beer
Draft Freehouse Basic Beach Raspberry Sour,6,11,63.5,2021,BI,Beer
Draft Freehouse Battery,6.5,33,214.5,2022,BI,Beer
Draft Freehouse Battery Brown,6.5,56,364,2021,BI,Beer
Draft Freehouse Battery Brown,5.5,7,38.5,2021,BI,Beer
Draft Freehouse Blue Blaze SOUR,7,35,217,2021,BI,Beer
Draft Freehouse Blue Blaze SOUR,7,34,238,2022,BI,Beer
Draft Freehouse Blue Blaze SOUR,6,6,24,2021,BI,Beer
Draft Freehouse Blue Blaze SOUR,6,7,42,2022,BI,Beer
Draft Freehouse Frosty,6.75,32,216,2022,BI,Beer
Draft Freehouse Frosty,5.75,3,17.25,2022,BI,Beer
Draft Freehouse Organic Folly's Pride,6.25,38,237.5,2021,BI,Beer
Draft Freehouse Organic Folly's Pride,6.25,3,18.75,2022,BI,Beer
Draft Freehouse Organic Folly's Pride,5.25,8,36.75,2021,BI,Beer
Draft Freehouse Organic Green Door IPA,6.5,202,1300,2020,BI,Beer
Draft Freehouse Organic Green Door IPA,6,208,1218,2021,BI,Beer
Draft Freehouse Organic Green Door IPA,6,219,1290,2022,BI,Beer
Draft Freehouse Organic Green Door IPA,5.5,46,251.9,2020,BI,Beer
Draft Freehouse Organic Green Door IPA,5,60,300,2021,BI,Beer
Draft Freehouse Organic Green Door IPA,5,67,335,2022,BI,Beer
Draft French Broad Kolsch,7.25,37,268.25,2022,BI,Beer
Draft French Broad Kolsch,7.25,32,232,2021,BI,Beer
Draft French Broad Kolsch,6.25,12,75,2022,BI,Beer
Draft French Broad Kolsch,6.25,4,25,2021,BI,Beer
Draft Froghorn IPA,6.25,148,881.25,2022,BI,Beer
Draft Froghorn IPA,5.25,44,231,2022,BI,Beer
Draft Funky Buddha,5.5,61,335.5,2019,BI,Beer
Draft Funky Buddha,5,6,30,2019,BI,Beer
Draft Good Times Back Pocket Pale Ale,7.25,28,203,2021,BI,Beer
Draft Good Times Back Pocket Pale Ale,7.25,43,311.75,2021,BI,Beer
Draft Good Times Back Pocket Pale Ale,7.25,24,174,2022,BI,Beer
Draft Good Times Back Pocket Pale Ale,6.25,14,87.5,2021,BI,Beer
Draft Good Times Back Pocket Pale Ale,6.25,16,100,2022,BI,Beer
Draft Good Times Blood Moon ,7.25,107,775.75,2021,BI,Beer
Draft Good Times Blood Moon ,6.25,24,150,2021,BI,Beer
Draft Good Times Carolina Sunrise,6.75,31,209.25,2021,BI,Beer
Draft Good Times Carolina Sunrise,5.75,19,109.25,2021,BI,Beer
Draft Good Times Doppelina,7.25,27,181.25,2021,BI,Beer
Draft Good Times Doppelina,6.25,12,75,2021,BI,Beer
Draft Good Times Dumpster Eagle Lager,6.75,112,729,2022,BI,Beer
Draft Good Times Dumpster Eagle Lager,6.75,101,681.75,2021,BI,Beer
Draft Good Times Dumpster Eagle Lager,5.75,33,189.75,2022,BI,Beer
Draft Good Times Dumpster Eagle Lager,5.75,14,80.5,2021,BI,Beer
Draft Good Times Hazy Boi,7.5,160,1103.5,2020,BI,Beer
Draft Good Times Hazy Boi,7,70,469,2021,BI,Beer
Draft Good Times Hazy Boi,6.75,174,1109.66,2019,BI,Beer
Draft Good Times Hazy Boi,6.5,21,128.75,2020,BI,Beer
Draft Good Times Hazy Boi,5.75,40,226.75,2019,BI,Beer
Draft Good Times Irish Whip Red,7,164,1110,2021,BI,Beer
Draft Good Times Lady in White Ale,7,31,209,2021,BI,Beer
Draft Good Times OAB Porter,7.25,26,188.5,2021,BI,Beer
Draft Good Times OAB Porter,7.25,42,282.75,2021,BI,Beer
Draft Good Times OAB Porter,7,43,299,2022,BI,Beer
Draft Good Times OAB Porter,6.25,8,50,2021,BI,Beer
Draft Good Times OAB Porter,6,37,252,2021,BI,Beer
Draft Good Times Shelte,6.25,9,56.25,2021,BI,Beer
Draft Good Times The Wilds IPA,7.25,57,406,2021,BI,Beer
Draft Good Times The Wilds IPA,6.25,6,37.5,2021,BI,Beer
Draft Great Divide Car Camper Hazy Pale Ale,6.25,34,212.5,2021,BI,Beer
Draft Great Divide Car Camper Hazy Pale Ale,5.25,7,36.75,2021,BI,Beer
Draft Greenman IPA,7.25,34,239.25,2021,BI,Beer
Draft Greenman IPA,6.25,6,37.5,2021,BI,Beer
Draft Guns & Rose,6.25,60,375,2019,BI,Beer
Draft Guns & Rose,5.25,8,45.5,2019,BI,Beer
Draft Harpoon Pumpkin Ale,5,46,215,2021,BI,Beer
Draft Harpoon Pumpkin Ale,4,25,100,2021,BI,Beer
Draft Harpoon ufo white,6.5,20,130,2019,BI,Beer
Draft Harpoon ufo white,6.5,10,65,2021,BI,Beer
Draft Harpoon ufo white,5.5,13,71.5,2019,BI,Beer
Draft Harpoon ufo white,5.5,2,11,2021,BI,Beer
Draft Harpoon White Ale,5.5,29,159.5,2022,BI,Beer
Draft Harpoon White Ale,4.5,9,40.5,2022,BI,Beer
Draft Highand Thunderst,6,51,306,2021,BI,Beer
Draft Highand Thunderst,5,15,75,2021,BI,Beer
Draft Highland,6,93,558,2021,BI,Beer
Draft Highland,6,428,2540,2020,BI,Beer
Draft Highland,6,1268,7449,2019,BI,Beer
Draft Highland,5,21,105,2021,BI,Beer
Draft Highland,5,124,626.5,2020,BI,Beer
Draft Highland,5,364,1802.5,2019,BI,Beer
Draft Highland Cold Mnt,7.75,63,488.25,2022,BI,Beer
Draft Highland Cold Mnt,7,44,301,2020,BI,Beer
Draft Highland Cold Mnt,6.75,10,67.5,2022,BI,Beer
Draft Highland Cold Mnt,6,12,72,2020,BI,Beer
Draft Highland Cold Mountain,7.75,114,869.25,2021,BI,Beer
Draft Highland Cold Mountain,6.75,26,175.5,2021,BI,Beer
Draft Highland Gaelic,6,225,1344,2020,BI,Beer
Draft Highland Gaelic,6,23,129,2020,BI,Beer
Draft Highland Gaelic,5,46,230,2020,BI,Beer
Draft Highland Gaelic,5,256,1522,2021,BI,Beer
Draft Highland Gaelic,5,65,325,2022,BI,Beer
Draft Highland Gaelic,5,9,45,2020,BI,Beer
Draft Highland Gaelic,4,47,234,2021,BI,Beer
Draft Highland Gaelic,4,21,84,2022,BI,Beer
Draft Highland Oatmeal Porter,6.5,55,338,2021,BI,Beer
Draft Highland Oatmeal Porter,5.5,14,77,2021,BI,Beer
Draft Highland Pilsner,6,276,1623.75,2021,BI,Beer
Draft Highland Pilsner,5,45,230.25,2021,BI,Beer
Draft Hiwire Bed of Nails Brown,6,24,144,2021,BI,Beer
Draft Hiwire Bed of Nails Brown,5,6,30,2021,BI,Beer
Draft HiWire HiPitch IP,6.5,35,227.5,2020,BI,Beer
Draft HiWire HiPitch IP,6,2,12,2020,BI,Beer
Draft HiWire HiPitch IP,5.75,36,207,2021,BI,Beer
Draft HiWire HiPitch IP,4.75,3,14.25,2021,BI,Beer
Draft HiWire Lemonade S,6,26,150,2021,BI,Beer
Draft HiWire Lemonade S,5,5,25,2021,BI,Beer
Draft Holy City Pilsner,6.5,29,188.5,2021,BI,Beer
Draft Holy City Pilsner,5.5,11,60.5,2021,BI,Beer
Draft Holy City Pisner,6.5,36,234,2022,BI,Beer
Draft House  Penny Pale,4,583,2326.8,2021,BI,Beer
Draft House  Penny Pale,4,5,20,2022,BI,Beer
Draft House  Penny Pale,4,997,3918,2020,BI,Beer
Draft House  Penny Pale,4,1936,7618,2019,BI,Beer
Draft House  Penny Pale,3,239,717,2021,BI,Beer
Draft House  Penny Pale,3,4,12,2022,BI,Beer
Draft House  Penny Pale,3,293,867,2020,BI,Beer
Draft House  Penny Pale,3,504,1650,2019,BI,Beer
Draft House $3,3,256,765,2021,DS,Spirits
Draft House $3,3,17,51,2022,DS,Spirits
Draft House $3,3,416,1248,2020,DS,Spirits
Draft House $3,3,669,1947,2019,DS,Spirits
Draft House $4,4,29,116,2019,DS,Spirits
Draft House 1/2 PINT,3,18,54,2021,BI,Beer
Draft House 1/2 PINT,3,4,12,2021,BI,Beer
Draft House 1/2 PINT,3,9,27,2022,BI,Beer
Draft House 1/2 PINT,3,33,96,2020,BI,Beer
Draft House 1/2 PINT,3,5,15,2020,BI,Beer
Draft House 1/2 PINT,3,80,238.5,2019,BI,Beer
Draft House 1/2 PINT,3,14,42,2019,BI,Beer
Draft House Amber,5.5,109,588.5,2020,BI,Beer
Draft House Amber,5.5,236,1298,2019,BI,Beer
Draft House Amber,3,36,108,2020,BI,Beer
Draft House Amber,3,54,162,2019,BI,Beer
Draft House Brown,5.25,142,745.5,2021,BI,Beer
Draft House Brown,5.25,85,446.25,2022,BI,Beer
Draft House Brown,5.25,38,199.5,2020,BI,Beer
Draft House Brown,5.25,333,1706.25,2019,BI,Beer
Draft House Brown,4.25,98,412.25,2019,BI,Beer
Draft House Brown,3,70,210,2021,BI,Beer
Draft House Brown,3,23,69,2022,BI,Beer
Draft House Brown,3,26,84.25,2020,BI,Beer
Draft House Chamomile,4.75,318,1491.51,2020,BI,Beer
Draft House Chamomile,3,77,231,2020,BI,Beer
Draft House Dad,4,318,1254,2019,BI,Beer
Draft House Dad,3,82,249,2019,BI,Beer
Draft House Dill Cuke,4,119,476,2020,BI,Beer
Draft House Dill Cuke,4,275,1092,2019,BI,Beer
Draft House Dill Cuke,3,27,75,2020,BI,Beer
Draft House Dill Cuke,3,60,171,2019,BI,Beer
Draft House Fat Rabbit,7,510,3542,2019,BI,Beer
Draft House Fat Rabbit,3,145,627,2019,BI,Beer
Draft House Flight,8,11,72,2020,BI,Beer
Draft House Flight,8,41,328,2019,BI,Beer
Draft House Flight,6,5,38,2021,BI,Beer
Draft House Flight,4,3,12,2020,BI,Beer
Draft House Flight,4,18,72,2019,BI,Beer
Draft House IPA,5.5,417,2288,2021,BI,Beer
Draft House IPA,5.5,76,418,2020,BI,Beer
Draft House IPA,5.5,607,3324.75,2019,BI,Beer
Draft House IPA,3,152,456,2021,BI,Beer
Draft House IPA,3,46,135,2020,BI,Beer
Draft House IPA,3,138,591.5,2019,BI,Beer
Draft House Korn IPA,6,257,1536,2019,BI,Beer
Draft House Korn IPA,3,43,207,2019,BI,Beer
Draft House Kudra,6,338,2016,2019,BI,Beer
Draft House Kudra,5,59,296,2019,BI,Beer
Draft House Mild,4.5,14,63,2020,BI,Beer
Draft House Mild,3,8,24,2020,BI,Beer
Draft House Mortimers,5.5,60,319,2020,BI,Beer
Draft House Mortimers,5.5,237,1259.5,2019,BI,Beer
Draft House Mortimers,3,38,114,2020,BI,Beer
Draft House Mortimers,3,74,222,2019,BI,Beer
Draft House Pale Ale,5.25,562,2919.02,2021,BI,Beer
Draft House Pale Ale,5.25,236,1233.75,2022,BI,Beer
Draft House Pale Ale,3,219,649.5,2021,BI,Beer
Draft House Pale Ale,3,62,186,2022,BI,Beer
Draft House Porter,5.25,108,559.13,2021,BI,Beer
Draft House Porter,5.25,161,840,2022,BI,Beer
Draft House Porter,5.25,317,1632.75,2020,BI,Beer
Draft House Porter,3,44,132,2021,BI,Beer
Draft House Porter,3,29,87,2022,BI,Beer
Draft House Porter,3,103,306,2020,BI,Beer
Draft House Red,6,209,1212,2020,BI,Beer
Draft House Red,3,61,208,2020,BI,Beer
Draft House Sailor Moon,6,61,354,2020,BI,Beer
Draft House Sailor Moon,3,25,72,2020,BI,Beer
Draft House Vienna,6,228,1356,2019,BI,Beer
Draft House Vienna,3,114,333,2019,BI,Beer
Draft House XXXMas,5.5,57,305.25,2020,BI,Beer
Draft House XXXMas,5.5,217,1193.5,2019,BI,Beer
Draft House XXXMas,3,30,90,2020,BI,Beer
Draft House XXXMas,3,48,139.5,2019,BI,Beer
Draft Jack's HC Peach,6,26,156,2020,BI,Beer
Draft Jack's HC Peach,6,32,174,2021,BI,Beer
Draft Jack's HC Peach,5,6,30,2020,BI,Beer
Draft Jack's HC Peach,5,4,20,2021,BI,Beer
Draft Jack's HC Pear Cider,6,27,162,2021,BI,Beer
Draft Jack's HC Pear Cider,5,10,50,2021,BI,Beer
Draft Kona Big Wave,6,5,30,2021,BI,Beer
Draft Kona Big Wave,6,16,96,2022,BI,Beer
Draft Kona Big Wave,5,9,45,2022,BI,Beer
Draft Lagunitas,6,77,462,2020,BI,Beer
Draft Lagunitas,5,19,95,2020,BI,Beer
Draft Lazy Magnolia Coffee Shoppe Coffee Stout,6,31,186,2022,BI,Beer
Draft Lazy Magnolia Coffee Shoppe Coffee Stout,6,33,198,2021,BI,Beer
Draft Lazy Magnolia Coffee Shoppe Coffee Stout,5,5,25,2022,BI,Beer
Draft Lazy Magnolia Coffee Shoppe Coffee Stout,5,6,30,2021,BI,Beer
Draft Lazy Magnolia Southern Pecan Brown,6,40,240,2022,BI,Beer
Draft Lazy Magnolia Southern Pecan Brown,6,122,732,2021,BI,Beer
Draft Lazy Magnolia Southern Pecan Brown,5,24,120,2021,BI,Beer
Draft Lo Fi Blueberry Wheat,5,149,843.25,2021,BI,Beer
Draft Lo Fi Blueberry Wheat,5,27,135,2022,BI,Beer
Draft Lo Fi Blueberry Wheat,4,28,134.25,2021,BI,Beer
Draft Lo Fi Blueberry Wheat,4,8,32,2022,BI,Beer
Draft Lo Fi Mexican Lager,6.75,147,985.5,2021,BI,Beer
Draft Lo Fi Mexican Lager,5.75,32,184,2021,BI,Beer
Draft McKenzie's Cider,6.5,27,175.5,2020,BI,Beer
Draft McKenzie's Cider,6.5,72,468,2021,BI,Beer
Draft McKenzie's Cider,5.5,10,49.5,2020,BI,Beer
Draft McKenzie's Cider,5.5,16,88,2021,BI,Beer
Draft Munkle Brugge City Brune,7.5,54,325,2022,BI,Beer
Draft Munkle Brugge City Brune,7.25,31,224.75,2022,BI,Beer
Draft Munkle Brugge City Brune,7.25,29,203,2021,BI,Beer
Draft Munkle Brugge City Brune,6.5,15,87.5,2022,BI,Beer
Draft Munkle Brugge City Brune,6.25,5,31.25,2022,BI,Beer
Draft Munkle Brugge City Brune,6.25,4,25,2021,BI,Beer
Draft Munkle Gully Washer Wit,7,65,455,2021,BI,Beer
Draft Munkle Gully Washer Wit,6,10,60,2021,BI,Beer
Draft Munkle Haust Bier Harvest Lager,7.5,33,240,2021,BI,Beer
Draft Munkle Haust Bier Harvest Lager,6.5,9,52,2021,BI,Beer
Draft Munkle Silver Shoes Stout,7,29,196,2021,BI,Beer
Draft Munkle Silver Shoes Stout,6,10,60,2021,BI,Beer
Draft Naragansett,5,12,60,2020,BI,Beer
Draft Naragansett,4,5,20,2020,BI,Beer
Draft New Holland Light,6.5,29,188.5,2020,BI,Beer
Draft New Holland Light,5.5,4,22,2020,BI,Beer
Draft New Sarum Beer AF,7.5,18,135,2021,BI,Beer
Draft New Sarum Beer AF,6.5,4,26,2021,BI,Beer
Draft New Sarum Grimes Hazy IPA,5.75,248,1408.75,2021,BI,Beer
Draft New Sarum Grimes Hazy IPA,5.75,3,17.25,2022,BI,Beer
Draft New Sarum Grimes Hazy IPA,4.75,35,166.25,2021,BI,Beer
Draft New Sarum Grimes Hazy IPA,4.75,8,38,2022,BI,Beer
Draft New Sarum Hurley Blood Wheat,6.25,27,168.75,2021,BI,Beer
Draft New Sarum Hurley Blood Wheat,6,67,402,2021,BI,Beer
Draft New Sarum Hurley Blood Wheat,5.25,11,57.75,2021,BI,Beer
Draft New Sarum Hurley Blood Wheat,5,9,45,2021,BI,Beer
Draft New Sarum People's Elbow,7.75,26,201.5,2021,BI,Beer
Draft New Sarum People's Elbow,7,29,203,2021,BI,Beer
Draft New Sarum People's Elbow,6.75,7,47.25,2021,BI,Beer
Draft New Sarum People's Elbow,6,10,60,2021,BI,Beer
Draft New Sarum River Lager,5.75,130,741.75,2021,BI,Beer
Draft New Sarum River Lager,4.75,25,118.75,2021,BI,Beer
Draft New Sarum Roundhouse Porter,6,75,450,2021,BI,Beer
Draft New Sarum Roundhouse Porter,5,26,130,2021,BI,Beer
Draft New Sarum Sour,8.5,85,646,2021,BI,Beer
Draft New Sarum Sour,7.5,17,120,2021,BI,Beer
Draft New Sarum Vincent,7,37,259,2021,BI,Beer
Draft New Sarum Vincent,6,2,12,2021,BI,Beer
Draft NewBelgium,5.5,33,181.5,2020,BI,Beer
Draft NewBelgium,5.5,102,561,2019,BI,Beer
Draft NewBelgium,5.5,13,71.5,2021,BI,Beer
Draft NewBelgium,4.5,6,27,2020,BI,Beer
Draft NewBelgium,4.5,48,232.5,2019,BI,Beer
Draft NewBelgium,4.5,8,36,2021,BI,Beer
Draft Noble Lime Hibiscus Spritz,6.5,25,162.5,2021,BI,Beer
Draft Noble Lime Hibiscus Spritz,5.5,5,27.5,2021,BI,Beer
Draft Noda Hot Pistol,7.5,28,202.5,2021,BI,Beer
Draft Noda Hot Pistol,6.5,11,71.5,2021,BI,Beer
Draft NoDa Jam,6.75,47,302.25,2020,BI,Beer
Draft NoDa Jam,6,16,84,2020,BI,Beer
Draft Noda Raio Haze,8.25,36,297,2020,BI,Beer
Draft Noda Raio Haze,7.25,2,14.5,2020,BI,Beer
Draft Old Chub,5.75,496,2817.5,2020,BI,Beer
Draft Old Chub,5.75,604,3392.5,2019,BI,Beer
Draft Old Chub,4.75,100,475,2020,BI,Beer
Draft Old Chub,4.75,139,667.75,2019,BI,Beer
Draft Old Hickory Blueberry Berliner,5.5,36,187,2021,BI,Beer
Draft Old Hickory Blueberry Berliner,4.5,2,9,2021,BI,Beer
Draft Old Hickory Stout,5.5,31,170.5,2021,BI,Beer
Draft Old Hickory Stout,4.5,12,54,2021,BI,Beer
Draft Ommegang Rare,5.5,55,302.5,2020,BI,Beer
Draft Ommegang Rare Vos,7,19,133,2020,BI,Beer
Draft Ommegang Rare Vos,7,17,112,2020,BI,Beer
Draft Ommegang Rare Vos,7,25,175,2021,BI,Beer
Draft Ommegang Rare Vos,6,1,6,2020,BI,Beer
Draft Ommegang Rare Vos,6,9,48,2020,BI,Beer
Draft Ommegang Rare Vos,6,6,36,2021,BI,Beer
Draft Oskar Blues Hazy,7,33,213.5,2019,BI,Beer
Draft Oskar Blues Hazy,7,4,21,2019,BI,Beer
Draft Oskar Blues Hazy,6.5,36,234,2021,BI,Beer
Draft Oskar Blues Hazy,5.5,120,655,2020,BI,Beer
Draft Oskar Blues Hazy,5.5,6,33,2021,BI,Beer
Draft Oskar Blues Hazy,4.5,44,185.5,2020,BI,Beer
Draft Oskar Blues Mama's Lil Pils,5.5,271,1479.5,2021,BI,Beer
Draft Oskar Blues Mama's Lil Pils,4.5,43,193.5,2021,BI,Beer
Draft Palmetto,6,32,180,2021,BI,Beer
Draft Palmetto,5,5,25,2021,BI,Beer
Draft Palmetto Espresso,6.75,4,27,2020,BI,Beer
Draft Palmetto Espresso,6.75,86,580.5,2019,BI,Beer
Draft Palmetto Espresso,5.75,3,17.25,2020,BI,Beer
Draft Palmetto Espresso,5.75,23,136.75,2019,BI,Beer
Draft Palmetto Espresso,5.75,27,155.25,2021,BI,Beer
Draft Palmetto Espresso,4.75,13,61.75,2021,BI,Beer
Draft Palmetto Mango IPA,6.25,29,181.25,2021,BI,Beer
Draft Palmetto Mango IPA,5.25,8,42,2021,BI,Beer
Draft Pawley's Isle Pale Ale,6.5,36,234,2020,BI,Beer
Draft Pawley's Isle Pale Ale,6.25,53,331.25,2022,BI,Beer
Draft Pawley's Isle Pale Ale,6.25,58,370,2021,BI,Beer
Draft Pawley's Isle Pale Ale,5.25,12,63,2022,BI,Beer
Draft Pawley's Isle Pale Ale,5.25,16,88.5,2021,BI,Beer
Draft Pisgah,6,23,138,2020,BI,Beer
Draft Pisgah,6,64,384,2019,BI,Beer
Draft Pisgah,5,6,30,2020,BI,Beer
Draft Pisgah,5,9,49,2019,BI,Beer
Draft Poneysaurus Scottish Ale,6.5,38,247,2022,BI,Beer
Draft Poneysaurus Scottish Ale,6.5,31,188.5,2021,BI,Beer
Draft Poneysaurus Scottish Ale,6,10,60,2022,BI,Beer
Draft Poneysaurus Scottish Ale,6,8,48,2021,BI,Beer
Draft Potter's Passionfruit Mosaic Cider,7,25,168,2021,BI,Beer
Draft Potter's Passionfruit Mosaic Cider,6,5,30,2021,BI,Beer
Draft Quest,7,158,1034.5,2019,BI,Beer
Draft Quest,6.5,35,227.5,2020,BI,Beer
Draft Quest,6,38,224.25,2019,BI,Beer
Draft Quest,5.5,3,16.5,2020,BI,Beer
Draft Redhead Trailblazer IPA,5.25,39,204.75,2021,BI,Beer
Draft Redhead Trailblazer IPA,4.25,2,8.5,2021,BI,Beer
Draft Revelry Early Evening Hazy Session IPA,7,30,203,2021,BI,Beer
Draft Revelry Early Evening Hazy Session IPA,7,121,847,2022,BI,Beer
Draft Revelry Early Evening Hazy Session IPA,6,8,48,2021,BI,Beer
Draft Revelry Early Evening Hazy Session IPA,6,10,60,2022,BI,Beer
Draft Revelry Lazy Day Blonde,7.25,39,275.5,2021,BI,Beer
Draft Revelry Lazy Day Blonde,6.25,11,68.75,2021,BI,Beer
Draft Revelry Lazy Lover English Ale,7.25,9,65.25,2021,BI,Beer
Draft Revelry Lazy Lover English Ale,6.25,5,31.25,2021,BI,Beer
Draft Revelry Pale,7.25,100,725,2022,BI,Beer
Draft Revelry Pale,6.25,12,75,2022,BI,Beer
Draft Revelry Trop Sour,7.5,30,210,2020,BI,Beer
Draft Revelry Trop Sour,7.5,26,195,2020,BI,Beer
Draft Revelry Trop Sour,6.5,4,26,2020,BI,Beer
Draft Revelry Trop Sour,6.5,5,32.5,2020,BI,Beer
Draft River Dog IPA,6.25,36,218.75,2021,BI,Beer
Draft River Dog IPA,5.25,8,42,2021,BI,Beer
Draft River Rat Broad River Red,6,34,204,2020,BI,Beer
Draft River Rat Broad River Red,6,190,1140,2019,BI,Beer
Draft River Rat Broad River Red,6,676,4014,2021,BI,Beer
Draft River Rat Broad River Red,5.75,43,247.25,2021,BI,Beer
Draft River Rat Broad River Red,5.75,195,1121.25,2022,BI,Beer
Draft River Rat Broad River Red,5,7,35,2020,BI,Beer
Draft River Rat Broad River Red,5,51,255,2019,BI,Beer
Draft River Rat Broad River Red,5,129,640,2021,BI,Beer
Draft River Rat Broad River Red,4.75,9,42.75,2021,BI,Beer
Draft River Rat Broad River Red,4.75,26,123.5,2022,BI,Beer
Draft River Rat Brown,5.75,5,28.75,2022,BI,Beer
Draft River Rat Brown,4.75,5,23.75,2022,BI,Beer
Draft River Rat Hazy IP,6,139,828,2022,BI,Beer
Draft River Rat Hazy IP,5,27,130,2022,BI,Beer
Draft River Rat Thin Hizzy Hazy,6,28,168,2021,BI,Beer
Draft River Rat Thin Hizzy Hazy,5,15,75,2021,BI,Beer
Draft River Rat Twisted Lemon Wheat,5.75,80,460,2021,BI,Beer
Draft River Rat Twisted Lemon Wheat,4.75,18,85.5,2021,BI,Beer
Draft Riverdog Peach,6.75,67,452.25,2021,BI,Beer
Draft Riverdog Peach,6,28,168,2022,BI,Beer
Draft Riverdog Peach,5.75,11,63.25,2021,BI,Beer
Draft Riverdog Peach,5,14,70,2022,BI,Beer
Draft Riverdog Pilsner,6,36,210,2021,BI,Beer
Draft Riverdog Pilsner,5,3,15,2021,BI,Beer
Draft Rogue Dead Guy Maibock Ale,7.25,26,174,2021,BI,Beer
Draft Rogue Dead Guy Maibock Ale,6.25,6,37.5,2021,BI,Beer
Draft Saint Archer,3.5,362,1264.5,2020,BI,Beer
Draft Saint Archer,3.5,95,323.75,2020,BI,Beer
Draft Scattered Suns Wi,6.5,34,208,2020,BI,Beer
Draft Scattered Suns Wi,5.5,7,33,2020,BI,Beer
Draft Scofflaw Dbl Jeopardy,8,33,264,2021,BI,Beer
Draft Scofflaw Dbl Jeopardy,7.5,26,187.5,2020,BI,Beer
Draft Scofflaw Dbl Jeopardy,7,4,28,2021,BI,Beer
Draft Scofflaw Dbl Jeopardy,7,20,140,2020,BI,Beer
Draft Scofflaw Dbl Jeopardy,6.5,7,45.5,2020,BI,Beer
Draft Scofflaw Dbl Jeopardy,6,11,66,2020,BI,Beer
Draft Scofflaw Mimosa Keg,7.25,17,123.25,2021,BI,Beer
Draft Scofflaw Mimosa Keg,6.25,4,25,2021,BI,Beer
Draft Scofflaw Peachtree Seltzer,6.25,28,162.5,2021,BI,Beer
Draft Scofflaw Peachtree Seltzer,5.25,1,5.25,2021,BI,Beer
Draft Scofflaw POG Basement IPA,7,30,210,2021,BI,Beer
Draft Scofflaw POG Basement IPA,6,4,24,2021,BI,Beer
Draft Seattle Cider,7.5,71,525,2022,BI,Beer
Draft Seattle Cider,7.5,59,435,2020,BI,Beer
Draft Seattle Cider,7.5,118,870,2019,BI,Beer
Draft Seattle Cider,6.5,17,110.5,2022,BI,Beer
Draft Seattle Cider,6.5,14,91,2020,BI,Beer
Draft Seattle Cider,6.5,31,188.5,2019,BI,Beer
Draft Sierra Nevada Dankful,5.75,53,299,2022,BI,Beer
Draft Sierra Nevada Dankful,5.75,29,161,2021,BI,Beer
Draft Sierra Nevada Dankful,4.75,7,33.25,2022,BI,Beer
Draft Sierra Nevada Dankful,4.75,5,23.75,2021,BI,Beer
Draft Sierra Nevada Hazy Thing,5.75,247,1391.51,2021,BI,Beer
Draft Sierra Nevada Hazy Thing,5.5,106,561,2022,BI,Beer
Draft Sierra Nevada Hazy Thing,5.5,594,3220.32,2020,BI,Beer
Draft Sierra Nevada Hazy Thing,5.5,465,2519,2019,BI,Beer
Draft Sierra Nevada Hazy Thing,5,108,530,2019,BI,Beer
Draft Sierra Nevada Hazy Thing,4.75,66,313.5,2021,BI,Beer
Draft Sierra Nevada Hazy Thing,4.5,21,94.5,2022,BI,Beer
Draft Sierra Nevada Hazy Thing,4.5,99,441.75,2020,BI,Beer
Draft Sierra Nevada Hazy Thing,4.5,2,9,2022,BI,Beer
Draft Sierra Nevada Hazy Thing,3.5,2,7,2022,BI,Beer
Draft Sixpoint Crisp Pilsner,6.25,115,718.75,2021,BI,Beer
Draft Sixpoint Crisp Pilsner,6.25,34,212.5,2022,BI,Beer
Draft Sixpoint Crisp Pilsner,5.25,11,57.75,2021,BI,Beer
Draft Sixpoint Resin DIPA,7.5,24,180,2022,BI,Beer
Draft Sixpoint Resin DIPA,7.5,31,217.5,2021,BI,Beer
Draft Sixpoint Resin DIPA,6.5,2,13,2022,BI,Beer
Draft Sixpoint Resin DIPA,6.5,7,45.5,2021,BI,Beer
Draft Sixpoint Trail Haze Hazy IPA,6,72,420,2021,BI,Beer
Draft Sixpoint Trail Haze Hazy IPA,5,3,15,2021,BI,Beer
Draft Sloop Oktoberfest,7.25,64,464,2021,BI,Beer
Draft Sloop Oktoberfest,6.25,2,12.5,2021,BI,Beer
Draft Snafu,7,40,280,2022,BI,Beer
Draft Snafu,7,67,462,2019,BI,Beer
Draft Snafu,6,9,48,2022,BI,Beer
Draft Snafu,6,8,48,2019,BI,Beer
Draft Southbound Lights,6.5,58,377,2020,BI,Beer
Draft Southbound Lights,6,9,54,2020,BI,Beer
Draft Southbound Mnt Jam,6.5,109,579.25,2020,BI,Beer
Draft Southbound Mnt Jam,6.5,12,78,2021,BI,Beer
Draft Southbound Mnt Jam,5.5,26,104.75,2020,BI,Beer
Draft Southbound Mnt Jam,5.5,4,22,2021,BI,Beer
Draft Southern Barrel Tropical Gose,7,32,224,2021,BI,Beer
Draft Southern Barrel Tropical Gose,6,3,18,2021,BI,Beer
Draft Southern Tier Winte Ale,6,30,180,2021,BI,Beer
Draft Southern Tier Winte Ale,5,7,35,2021,BI,Beer
Draft Space,6.25,29,181.25,2020,BI,Beer
Draft Space,5.25,6,31.5,2020,BI,Beer
Draft Steel Hands Pecan,6.5,42,238.5,2020,BI,Beer
Draft Steel Hands Pecan,6.5,105,682.5,2021,BI,Beer
Draft Steel Hands Pecan,5.5,21,107.5,2020,BI,Beer
Draft Steel Hands Pecan,5.5,20,110,2021,BI,Beer
Draft Steelhand Punch Clock Pilsner,6.25,20,125,2021,BI,Beer
Draft Steelhand Punch Clock Pilsner,5.25,2,10.5,2021,BI,Beer
Draft Steelhands Coffee,6.5,26,169,2020,BI,Beer
Draft Steelhands Coffee,5.5,5,27.5,2020,BI,Beer
Draft Steelhands Coffee Lager,6.25,57,356.25,2021,BI,Beer
Draft Steelhands Coffee Lager,5.25,11,57.75,2021,BI,Beer
Draft Steelhands DIPA,6.25,24,143.75,2021,BI,Beer
Draft Steelhands DIPA,5.25,13,68.25,2021,BI,Beer
Draft Steelhands Rauchbier,6.5,34,221,2021,BI,Beer
Draft Steelhands Rauchbier,5.5,3,16.5,2021,BI,Beer
Draft Steelhands Tropic,6.25,31,193.75,2021,BI,Beer
Draft Steelhands Tropic,5.25,7,36.75,2021,BI,Beer
Draft Stone Hazy,6,37,216,2021,BI,Beer
Draft Stone Hazy,5,1,5,2021,BI,Beer
Draft Stone IPA,7,34,238,2021,BI,Beer
Draft Stone IPA,6,6,36,2021,BI,Beer
Draft Strawberry Rhubar,8,28,224,2022,BI,Beer
Draft Strawberry Rhubar,7,6,42,2022,BI,Beer
Draft Sweetwater Hazy,6,13,78,2020,BI,Beer
Draft Sweetwater Hazy,5,11,55,2020,BI,Beer
Draft Sycamore Brownies,7.25,8,58,2021,BI,Beer
Draft Sycamore Brownies,7.25,20,145,2020,BI,Beer
Draft Sycamore Brownies,6.25,1,6.25,2021,BI,Beer
Draft Sycamore Brownies,6.25,6,37.5,2020,BI,Beer
Draft Sycamore Haziness IPA,7.75,28,217,2021,BI,Beer
Draft Sycamore Haziness IPA,6.75,2,13.5,2021,BI,Beer
Draft Sycamore Mountain Candy,7.25,31,224.75,2021,BI,Beer
Draft Sycamore Mountain Candy,6.25,3,18.75,2021,BI,Beer
Draft TC Crush IPA,5.75,20,115,2020,BI,Beer
Draft TC Crush IPA,4.75,5,23.75,2020,BI,Beer
Draft TC P1 Pilsner,5,46,230,2019,BI,Beer
Draft TC P1 Pilsner,4,16,64,2019,BI,Beer
Draft TC Red,6.75,66,445.5,2021,BI,Beer
Draft TC Red,5.75,19,109.25,2021,BI,Beer
Draft Terapin Hazy,6,34,204,2021,BI,Beer
Draft Terapin Hazy,6,2,12,2020,BI,Beer
Draft Terapin Hazy,5.75,141,772.27,2020,BI,Beer
Draft Terapin Hazy,5.75,159,914.25,2019,BI,Beer
Draft Terapin Hazy,5.25,26,136.5,2020,BI,Beer
Draft Terapin Hazy,5.25,36,183.76,2019,BI,Beer
Draft Terapin Hazy,5,3,15,2021,BI,Beer
Draft Terapin Hazy,5,22,110,2022,BI,Beer
Draft Terrapin Moohoo Stout,5,70,345,2021,BI,Beer
Draft Terrapin Moohoo Stout,4,15,61.25,2021,BI,Beer
Draft Thomas Creek cit,8,73,576,2021,BI,Beer
Draft Thomas Creek cit,7,13,91,2021,BI,Beer
Draft Trifecta IPA,7,1147,7980,2021,BI,Beer
Draft Trifecta IPA,7,1610,11147.5,2020,BI,Beer
Draft Trifecta IPA,7,2344,16145.5,2019,BI,Beer
Draft Trifecta IPA,6,257,1536,2021,BI,Beer
Draft Trifecta IPA,6,510,3048,2020,BI,Beer
Draft Trifecta IPA,6,560,3362,2019,BI,Beer
Draft Truly Berry Keg,6,17,102,2021,BI,Beer
Draft Truly Berry Keg,5,3,15,2021,BI,Beer
Draft Trunchbill Stout,7.25,73,507.5,2020,BI,Beer
Draft Trunchbill Stout,6.25,24,139.25,2020,BI,Beer
Draft Twister Wit,6.5,30,195,2021,BI,Beer
Draft Twister Wit,5.5,9,49.5,2021,BI,Beer
Draft UFO,5,91,455,2020,BI,Beer
Draft UFO,4,25,100,2020,BI,Beer
Draft Upcountry,6.5,133,822.5,2021,BI,Beer
Draft Upcountry,6.5,255,1613.5,2020,BI,Beer
Draft Upcountry,6.25,83,493.75,2021,BI,Beer
Draft Upcountry,6.25,80,465.5,2022,BI,Beer
Draft Upcountry,6,109,654,2021,BI,Beer
Draft Upcountry,6,42,237,2020,BI,Beer
Draft Upcountry,5,16,80,2021,BI,Beer
Draft Upcountry Isoprene Hazy IPA,6.75,60,405,2021,BI,Beer
Draft Upcountry Isoprene Hazy IPA,5.75,9,51.75,2021,BI,Beer
Draft Upcountry Scamper IPA,7,68,469,2021,BI,Beer
Draft Upcountry Scamper IPA,6,9,54,2021,BI,Beer
Draft Upcountry Strawb Milk IPA,6.75,61,405,2021,BI,Beer
Draft Upcountry Strawb Milk IPA,5.75,14,80.5,2021,BI,Beer
Draft Victory Golden Monkey,7.5,28,210,2021,BI,Beer
Draft Victory Golden Monkey,7,31,217,2020,BI,Beer
Draft Victory Golden Monkey,6.5,7,45.5,2021,BI,Beer
Draft Victory Golden Monkey,6,2,12,2020,BI,Beer
Draft Victory Hop Haze IPA,6,32,192,2021,BI,Beer
Draft Victory Hop Haze IPA,5,2,10,2021,BI,Beer
Draft Victory Merry Monkey,7.5,46,345,2021,BI,Beer
Draft Victory Merry Monkey,6.5,21,136.5,2021,BI,Beer
Draft Victory Sour Monkey,7.5,48,330,2021,BI,Beer
Draft Victory Sour Monkey,6.5,17,110.5,2021,BI,Beer
Draft Victory Summer Hazy ,6,35,192,2021,BI,Beer
Draft Victory Summer Hazy ,5,5,25,2021,BI,Beer
Draft Voodoo Hazy IPA,5.5,143,799.75,2021,BI,Beer
Draft Voodoo Hazy IPA,4.5,42,198.75,2021,BI,Beer
Draft Westbrook iPA,6.25,138,862.5,2021,BI,Beer
Draft Westbrook iPA,6.25,354,2162.5,2022,BI,Beer
Draft Westbrook iPA,6,20,120,2020,BI,Beer
Draft Westbrook iPA,5.5,1,5.5,2020,BI,Beer
Draft Westbrook iPA,5.25,30,157.5,2021,BI,Beer
Draft Westbrook iPA,5.25,106,556.5,2022,BI,Beer
Draft Westbrook Key Lime Pie Gose,7,29,182,2021,BI,Beer
Draft Westbrook Key Lime Pie Gose,6,8,42,2021,BI,Beer
Draft Westbrook White,6,161,942,2022,BI,Beer
Draft Westbrook White,5,34,170,2022,BI,Beer
Draft Westbrook White THai,6,100,594,2021,BI,Beer
Draft Westbrook White THai,5,17,85,2021,BI,Beer
Draft Wicked Weed Freak of Nature DIPA,7.25,51,348,2021,BI,Beer
Draft Wicked Weed Freak of Nature DIPA,6.75,104,702,2019,BI,Beer
Draft Wicked Weed Freak of Nature DIPA,6.25,29,181.25,2019,BI,Beer
Draft Wicked Weed Freak of Nature DIPA,6.25,16,100,2021,BI,Beer
Draft Wicked Weed Freak of Nature DIPA,6,33,198,2020,BI,Beer
Draft Wicked Weed Freak of Nature DIPA,5,6,30,2020,BI,Beer
Draft Wild Leap Lemonad,6.5,35,227.5,2022,BI,Beer
Draft Wild Leap Lemonad,5.5,6,33,2022,BI,Beer
Draft Wild Leap Lemonade Sour,6.5,32,208,2021,BI,Beer
Draft Wisacre Oktoberfest Gemutlichkeit,5.5,31,170.5,2021,BI,Beer
Draft Wisacre Oktoberfest Gemutlichkeit,4.5,6,27,2021,BI,Beer
Draft Wiseacre Ananda IPA,6.25,34,206.25,2022,BI,Beer
Draft Wiseacre Ananda IPA,5,82,410,2021,BI,Beer
Draft Wiseacre Ananda IPA,4,27,108,2021,BI,Beer
Draft Wiseacre Bow Eacho Hazy,5.5,110,599.5,2021,BI,Beer
Draft Wiseacre Bow Eacho Hazy,4.5,19,85.5,2021,BI,Beer
Draft Wiseacre Coffee Milk Stout,5.5,30,159.5,2022,BI,Beer
Draft Wiseacre Coffee Milk Stout,5.5,27,143,2021,BI,Beer
Draft Wiseacre Coffee Milk Stout,4.5,6,27,2022,BI,Beer
Draft Wiseacre Coffee Milk Stout,4.5,8,36,2021,BI,Beer
Draft Wiseacre Tiny Bomb Pilsner,5.75,220,1227.64,2021,BI,Beer
Draft Wiseacre Tiny Bomb Pilsner,4.75,50,235.13,2021,BI,Beer
Draft Yazoo Brown,5.5,15,77,2021,BI,Beer
Draft Yazoo Brown,4.5,7,31.5,2021,BI,Beer
Draft Yazoo Calla Hazy,5.5,64,341,2021,BI,Beer
Draft Yazoo Calla Hazy,4.5,14,63,2021,BI,Beer
Draft Yazoo Daddy O Pilsner,5.5,60,330,2021,BI,Beer
Draft Yazoo Daddy O Pilsner,4.5,12,54,2021,BI,Beer
Draft Yazoo Lake Dog Lager,5.5,45,247.5,2021,BI,Beer
Draft Yazoo Lake Dog Lager,4.5,6,27,2021,BI,Beer
Drag Brunch Deep E Shot,4,5,20,2021,LV,Spirits
E.O. Sour,9,6,54,2019,LV,Spirits
Easy Breezy,4.5,5,22.5,2021,CH,Beer
Eddy Transfusion,5,23,115,2021,LV,Spirits
Edmund's Seasonal,9,93,837,2022,BI,Beer
Edmund's Seasonal,9,487,4198,2021,BI,Beer
Edmund's Seasonal,7.5,19,142.5,2021,BI,Beer
El Jimador Reposado,4,2347,9196,2020,BI,Beer
El Jimador Reposado,4,3153,12232,2019,BI,Beer
El Jimador Reposado,4,2664,10080,2021,LV,Spirits
El Jimador Reposado,3,36,108,2021,LV,Spirits
Elijah Craig 12,7.5,4,30,2022,LV,Spirits
Elijah Craig 12,7,15,105,2020,LV,Spirits
Elijah Craig 12,7,13,91,2019,LV,Spirits
Elysian Spacedust,6,20,120,2021,BD,Beer
Elysian Spacedust,6,111,654,2020,BD,Beer
English Garden,8.5,96,816,2022,BD,Beer
Espolon,5,1120,5325,2021,LV,Spirits
Espolon,5,172,830,2022,LV,Spirits
Espolon,5,453,2140,2020,LV,Spirits
Fernet Branca,7.5,222,1627.5,2021,LV,Spirits
Fernet Branca,7.5,67,480,2022,LV,Spirits
Fernet Branca,7.5,134,997.5,2020,LV,Spirits
Fernet Branca,7.5,293,2182.5,2019,LV,Spirits
Fire Water,10,262,2620,2021,CH,Spirits
Fire Water,10,66,650,2022,CH,Spirits
Fire Water,10,32,320,2020,CH,Spirits
Founders IPA,4.5,109,472.5,2019,CH,Spirits
Frangelico,6,26,156,2021,LV,Spirits
Frangelico,6,1,6,2022,LV,Spirits
Frangelico,6,4,24,2020,LV,Spirits
Frangelico,6,24,144,2019,LV,Spirits
Garnacha,24,5,60,2021,WI,Wine
Garnacha,6,13,60,2021,WI,Wine
Garnacha,6,2,12,2022,WI,Wine
George Dickel,4,782,3104,2021,LV,Spirits
George Dickel,3.75,4011,14853.75,2021,LB,Spirits
George Dickel,3.75,811,2962.5,2022,LB,Spirits
George Dickel,3.75,3943,14583.77,2020,LB,Spirits
George Dickel,3.75,7748,28215.63,2019,LB,Spirits
George Dickel,3,147,438,2021,LB,Spirits
George Dickel,3,120,360,2022,LB,Spirits
George Dickel Rye,5,85,415,2021,LB,Spirits
George Dickel Rye,5,8,40,2022,LB,Spirits
George Dickel Rye,5,57,285,2020,LB,Spirits
George Dickel Rye,5,77,370,2019,LB,Spirits
GL 11.4 wine,5,12,60,2021,WI,Wine
Glenfiddich 12yr,8,18,144,2021,LV,Spirits
Glenfiddich 12yr,8,3,24,2022,WI,Spirits
Glenfiddich 12yr,8,18,144,2020,WI,Spirits
Glenfiddich 12yr,8,13,104,2019,WI,Spirits
Glenlivet Single,8,15,120,2022,LV,Spirits
Glenlivet Single,8,29,224,2020,LV,Spirits
Glenlivet Single,8,73,568,2019,LV,Spirits
Glenlivet Single,8,92,736,2021,LV,Spirits
Gone With The Gin,8,407,3232,2021,CH,Spirits
Gone With The Gin,8,90,716,2020,CH,Spirits
Good Times Blonde,5.25,2,10.5,2022,CH,Spirits
Good Times Carolina Sunrise,5.25,19,99.75,2021,BI,Beer
Good Times No Sleep Til Brewklyn,6.5,23,149.5,2021,BI,Beer
Good Times The Wilds IPA,4.5,22,94.5,2021,BD,Beer
Good Times Wilds IPA,4.5,18,81,2022,BD,Beer
Gordon's Gin,3.5,489,1690.5,2022,BD,Beer
Gordon's Gin,3.5,1326,4584.65,2020,BD,Beer
Gordon's Gin,3.5,3048,10538.5,2019,BD,Beer
Gordon's Gin,3,7,21,2022,BD,Beer
Gordon's Gin,3.5,1524,5230.75,2021,LC,Spirits
Gordon's Gin,3,30,90,2021,LC,Spirits
Grand Marnier,6,99,594,2021,LV,Spirits
Grand Marnier,6,21,126,2022,LV,Spirits
Grand Marnier,6,32,219,2020,LV,Spirits
Grapefruit Kamikaze,4.5,9,40.5,2021,CH,Spirits
Great Divide Claymore Scotch Ale,5.5,4,22,2021,WI,Beer
Great Divide Scotch Ale,5.5,11,55,2022,WI,Beer
GreatDivide CoffeePorte,7.5,34,255,2022,WI,Beer
GreatDivide CoffeePorte,6.5,2,13,2022,WI,Beer
Guiness ,5.75,400,2121.75,2021,BI,Beer
Guiness ,5.75,155,853.89,2022,BI,Beer
Guiness ,5.75,308,1595.63,2020,BI,Beer
Guiness ,5.75,427,2432.25,2019,BI,Beer
Halloween Shot,5,28,140,2020,BI,Beer
Heathered Highland,8.5,62,527,2022,BI,Beer
Hendrick's Gin,8.5,78,654.5,2022,BI,Beer
Hendrick's Gin,8.5,90,765,2020,BI,Beer
Hendrick's Gin,8.5,181,1504.5,2019,BI,Beer
Hendrick's Gin,8.5,339,2830.5,2021,LC,Spirits
Herradura,10,7,50,2020,LC,Spirits
High West Rye,11.5,2,11.5,2020,LC,Spirits
High West Rye,11.5,28,310.5,2019,LC,Spirits
Highland Gaelic,4.75,262,1225.51,2019,LC,Beer
Highland Oatmeal,4.75,183,864.5,2020,LC,Beer
Highland Oatmeal,4.75,670,3182.5,2019,LC,Beer
Highland Oatmeal Porter,4.75,39,184.78,2021,BI,Beer
Highland Park 15,14,1,0,2020,BI,Spirits
Highland Park 15,14,2,28,2019,BI,Spirits
Highland Park 15,11,10,110,2019,BI,Spirits
Hilton Head Rum,8,17,136,2022,BI,Beer
Hilton Head Rum,6.75,45,176.75,2022,BI,Beer
Hilton Head Rum,3,12,36,2022,BI,Beer
Hiwire Lager,5,13,60,2019,BI,Beer
Holiday Penicillin,8.5,5,42.5,2021,LV,Spirits
Holiday Penicillin,8.5,10,85,2022,LV,Spirits
Hoodoo Chickory Liqueur,5.5,1,5.5,2021,LV,Spirits
Hoodoo Chickory Liqueur,5.5,1,5.5,2022,LV,Spirits
Hoodoo Chickory Liqueur,5.5,4,22,2020,LV,Spirits
Hoodoo Chickory Liqueur,5.5,7,38.5,2019,LV,Spirits
Hornitos Black,7.75,20,147.25,2021,LC,Spirits
Hornitos Black,7.75,1,7.75,2022,LC,Spirits
Hornitos Blanco,5,390,1900,2019,LC,Spirits
Hornitos Blanco,4,295,1088,2021,LV,Spirits
Hornitos Blanco,4,903,3368,2022,LV,Spirits
Hornitos Blanco,3,32,96,2021,LV,Spirits
Hornitos Blanco,3,12,36,2022,LV,Spirits
Hot Toddy,2,28,56,2021,LD,Spirits
Hot Toddy,2,13,26,2022,LD,Spirits
Hot Toddy,2,25,50,2020,LD,Spirits
Hot Toddy,2,46,92,2019,LD,Spirits
House beer shot special,5.31,832,4359.51,2021,BI,Beer
House beer shot special,5.31,84,435.42,2022,BI,Beer
House beer shot special,5.31,1091,5761.35,2020,BI,Beer
House beer shot special,5.31,2722,14339.66,2019,BI,Beer
House Bloody Mary,5,173,774,2020,BI,Beer
Industry Coors,2,6,12,2022,BI,Beer
Industry Fernet,5,6,30,2022,BI,Beer
Industry G&T,2.5,1,2.5,2022,BI,Beer
Infuse Apple,5.5,1,5.5,2019,BI,Beer
Irish  Coffee,5.75,46,264.5,2021,CH,Spirits
Irish  Coffee,5.75,12,69,2022,CH,Spirits
Irish  Coffee,5.75,51,284,2020,CH,Spirits
Irish  Coffee,5.5,163,885.5,2019,CH,Spirits
Irish Breakfast,4,446,1780,2021,LV,Spirits
Irish Breakfast,4,87,348,2022,LV,Spirits
Irish Breakfast,4,159,636,2020,LV,Spirits
Irish Breakfast,4,221,876,2019,LV,Spirits
J.WEED,5,202,1010,2021,LV,Spirits
J.WEED,5,56,275,2022,LV,Spirits
J.WEED,5,250,1250,2020,LV,Spirits
J.WEED,5,396,1960,2019,LV,Spirits
Jack Daniel's,6.5,842,5401.5,2021,LB,Spirits
Jack Daniel's,6.5,251,1625,2022,LV,Spirits
Jack Daniel's,6.5,532,3406,2020,LV,Spirits
Jack Daniel's,6.5,1026,6503.25,2019,LV,Spirits
Jack Daniel's SINGLE,10.5,7,73.5,2022,LB,Spirits
Jack Daniel's SINGLE,10.5,5,52.5,2021,LB,Spirits
Jaha  Reposado,6,26,153,2019,LB,Spirits
Jalapenis Marg,5,7,35,2021,LV,Spirits
Jameson,5.5,1963,10681,2021,LV,Spirits
Jameson,5.5,464,2546.5,2022,LV,Spirits
Jameson,5.5,1264,6825.5,2020,LV,Spirits
Jameson,5.5,2154,11390.5,2019,LV,Spirits
Jameson,3,34,102,2021,LV,Spirits
Jameson,3,11,33,2022,LV,Spirits
Jameson Black Barrel,5.75,71,408.25,2021,LC,Spirits
Jameson Black Barrel,5.75,13,74.75,2022,LC,Spirits
Jameson Caskmates IPA,6,50,300,2021,LC,Spirits
Jameson Caskmates IPA,6,25,150,2022,LC,Spirits
Jameson Cold Brew,4,23,92,2021,LV,Spirits
Jameson Cold Brew,4,19,76,2020,LV,Spirits
Jameson Green Tea,3.5,2029,7007,2021,LV,Spirits
Jameson Green Tea,3.5,559,1900.5,2022,LV,Spirits
Jameson Green Tea,3.5,316,1071,2020,LV,Spirits
Jameson Green Tea,3.5,401,1396.5,2019,LV,Spirits
Jameson Orange,6.25,57,337.5,2022,LV,Spirits
Jamo Flight,15,4,60,2021,LV,Spirits
Jamo Flight Special,10,7,70,2021,LC,Spirits
Jasper's,6,4,21,2019,LC,Spirits
Jaws Bite,5,3,15,2021,LV,Spirits
Jello Shot,2.5,49,122.5,2021,LV,Spirits
Jello Shot,2,106,212,2019,LV,Spirits
Jen Body Bomb,8,3,24,2021,LV,Spirits
Jim Beam Apple,4,9,36,2022,LV,Spirits
Jim Beam Apple,4,76,304,2021,LV,Spirits
Johnnie Walker Black,9,66,585,2021,LV,Spirits
Johnny Walker Black,9,6,54,2022,LV,Spirits
Johnny Walker Black,9,18,162,2020,LV,Spirits
Johnny Walker Black,9,12,108,2019,LV,Spirits
Johnny Walker Rye,10,2,20,2021,LC,Spirits
Johnny Walker Rye,10,2,10,2022,LV,Spirits
Juice Box,3,9,27,2019,LC,Spirits
Kahlua,5.75,22,126.5,2021,LC,Spirits
Kahlua,5.75,6,34.5,2022,LC,Spirits
Kahlua,5.75,20,109.25,2020,LC,Spirits
Kahlua,5.75,8,46,2019,LC,Spirits
KayLaRita,9.5,187,1655.5,2019,CH,Spirits
KayLaRita,8,715,5704,2021,CH,Spirits
KayLaRita,8,135,1064,2022,CH,Spirits
KayLaRita,8,196,1909.5,2020,CH,Spirits
Ketel One Botanicals,6,174,1032,2021,LV,Spirits
Ketel One Botanicals,6,52,306,2022,LV,Spirits
Ketel One Botanicals,6,106,636,2020,LV,Spirits
Ketel One Botanicals,6,231,1356,2019,LV,Spirits
Ketel One Botanicals,6,117,690,2022,LV,Spirits
Ketel One Botanicals,6,209,1236,2020,LV,Spirits
Ketel One Botanicals,6,75,444,2019,LV,Spirits
Ketel One Botanicals,6,443,2616,2021,LV,Spirits
Kimmy,5,34,170,2019,LV,Spirits
Kissed By A Rose,8.5,813,6910.5,2021,CH,Spirits
Kissed By A Rose,8.5,48,408,2022,CH,Spirits
Kissed By A Rose,8.5,425,3612.5,2020,CH,Spirits
Kissed By A Rose,8.5,214,1810.5,2019,CH,Spirits
Knob Creek,7.5,52,390,2022,CH,Spirits
Knob Creek,7.5,127,952.5,2020,CH,Spirits
Knob Creek,7.5,207,1545,2019,CH,Spirits
Knob Creek Bourbon,7.5,102,765,2021,LV,Spirits
Lagavulin 16,13.5,37,432,2021,LV,Spirits
Lagavulin 16,13.5,9,121.5,2022,LV,Spirits
Lagavulin 16,13.5,11,148.5,2020,LV,Spirits
Lagavulin 16,13.5,37,486,2019,LV,Spirits
Lagunitas Hazy Wonder ,4.75,15,71.25,2021,BI,Beer
Lagunitas Hazy Wonder ,4.75,89,418,2022,LV,Beer
Larceny,6,91,546,2021,LB,Spirits
Larceny,6,37,222,2022,LB,Spirits
Larceny,6,95,570,2020,LB,Spirits
Larceny,6,135,798,2019,LB,Spirits
Lavender Bees Knees,9,1,9,2020,LB,Spirits
Lavender Bees Knees,9,143,1278,2019,LB,Spirits
Lemon Drop,4.5,57,256.5,2022,LB,Spirits
Lemon Drop,4.5,27,121.5,2020,LB,Spirits
Life`s a Beach,5,10,50,2021,CH,Spirits
Limoncello,4.5,1,4.5,2020,CH,Spirits
Limoncello,4.5,2,9,2019,CH,Spirits
Long Island Iced Tea,6.5,84,526.5,2021,BV,Spirits
Long Island Iced Tea,6.5,30,195,2022,BV,Spirits
Long Island Iced Tea,6.5,69,448.5,2020,BV,Spirits
Long Island Iced Tea,6.5,98,637,2019,BV,Spirits
Loyal Can,9.5,16,152,2022,BV,Spirits
Lucid Absinthe,15,4,53.5,2022,BV,Spirits
LUNAZUL SILVER,4,29,116,2021,LV,Spirits
Macallan 15yr,15,33,480,2019,LV,Spirits
Macallan 15yr,11,19,209,2020,LV,Spirits
Macallan 15yr,11,6,66,2019,LV,Spirits
Macallan 15yr,10,1,10,2019,LV,Spirits
Mad Lad,5,10,50,2022,LV,Spirits
Magners Cider,5.25,338,1764,2021,BI,Beer
Magners Cider,5.25,106,546,2022,BI,Beer
Magners Cider,5.25,234,1228.5,2020,BI,Beer
Magners Cider,5.25,316,1638.01,2019,BI,Beer
Maisel Hefe Weizen,7.25,134,938.5,2019,BI,Beer
Makers Mark,6.5,207,1306.5,2022,BI,Beer
Makers Mark,6.5,314,2014.35,2020,BI,Beer
Makers Mark,6.5,595,3835,2019,BI,Beer
Maker's Mark,6.5,772,4907.5,2021,LV,Spirits
Maker's Mark 101,12,38,412,2021,LV,Spirits
Maker's Mark 101,12,3,36,2022,LV,Spirits
Maker's Mark 101,8,5,40,2020,LV,Spirits
Malbec,32,3,48,2022,LV,Wine
Malbec,32,23,368.01,2019,LV,Wine
Malbec,32,10,192,2020,LV,Wine
Malbec,8,209,1652,2019,LV,Spirits
Malbec,7.5,127,941.5,2020,LV,Spirits
Malbec,7,21,147,2022,LV,Spirits
Malbec,32,11,224,2021,WI,Wine
Malbec,7.5,189,1297.5,2021,WI,Wine
Malfy Lemon Gin,7,58,392,2021,LC,Spirits
Malfy Lemon Gin,7,23,161,2022,WI,Spirits
Malibu Watermelon Rum,4,19,76,2021,LC,Spirits
Mambo,5,22,110,2019,LC,Spirits
Manhattan,2.5,72,177.5,2021,BV,Spirits
Manhattan,2.5,27,67.5,2022,BV,Spirits
Manhattan,2.5,36,90,2020,BV,Spirits
Manhattan,2.5,93,232.5,2019,BV,Spirits
Marg Pitcher,20,5,100,2021,LV,Spirits
Marg Pitcher,20,2,40,2022,LV,Spirits
Marg Single,5.25,3,15.75,2021,LV,Spirits
Martini,2.5,69,172.5,2021,BV,Spirits
Martini,2.5,22,55,2022,BV,Spirits
Martini,2.5,23,57.5,2020,BV,Spirits
Martini,2.5,47,117.5,2019,BV,Spirits
Mata Hari Absinthe,8.5,16,136,2021,LV,Spirits
Mata Hari Absinthe,8.5,26,221,2020,LV,Spirits
Mata Hari Absinthe,8.5,34,289,2019,LV,Spirits
Merlot,7,56,385,2019,LV,Spirits
Mexican Ashtrays,4.43,4,17.72,2022,LV,Spirits
Mexican Ashtrays,4.43,11,48.73,2020,LV,Spirits
Mezcal Mule,7.5,24,201,2021,CH,Spirits
Mezcal Mule,7.5,53,397.5,2022,CH,Spirits
Mich Ultra,4.43,48,203.78,2019,CH,Beer
Midori Sour,6,23,138,2019,CH,Spirits
Miller Lite,18,1,18,2021,BI,Beer
Miller Lite,3.75,2400,8906.25,2021,SI,Beer
Miller Lite,3.75,722,2681.25,2022,SI,Beer
Miller Lite,3.75,165,615,2020,SI,Beer
Miller Lite,2.75,45,123.75,2021,SI,Beer
Miller Lite,2.75,68,187,2022,SI,Beer
Mimosa,5.99,50,263.56,2019,LV,Spirits
Mimosa,4,119,456,2021,LV,Spirits
Mimosa,4,669,2652,2021,LV,Spirits
Mimosa,4,112,448,2022,LV,Spirits
Mimosa,4,19,76,2022,LV,Spirits
Mimosa,4,60,313.63,2020,LV,Spirits
Mimosa,4,780,2561,2020,LV,Spirits
Mimosa,3,643,1896,2019,LV,Spirits
Mimosa  Pitcher,16,10,160,2021,LV,Spirits
Mimosa  Pitcher,16,277,4368,2021,LV,Spirits
Mimosa  Pitcher,16,42,656,2022,LV,Spirits
Mimosa  Pitcher,16,14,228,2020,LV,Spirits
Mimosa Endless,20,26,520,2021,LV,Spirits
Mimosa Endless,20,290,5800,2021,LV,Spirits
Mimosa Endless,20,43,860,2022,LV,Spirits
Mimosa Endless,20,2,40,2022,LV,Spirits
Mimosa Endless,20,4,80,2020,LV,Spirits
Mimosa Endless,20,17,340,2020,LV,Spirits
Misc Liquor,8,34,156.5,2021,LV,Spirits
Misc Liquor,7,24,115,2022,LV,Spirits
Mixed Cocktail,5.5,148,770,2021,LV,Spirits
Mixed Cocktail,5.5,41,225.5,2022,LV,Spirits
Mixed Cocktail,5.5,163,896.5,2020,LV,Spirits
Mixed Cocktail,5.5,405,2211,2019,LV,Spirits
Mixed Cocktail $10,10,11,110,2022,LV,Spirits
Mixed Cocktail $6,6,13,78,2021,LV,Spirits
Mixed Cocktail $6,6,32,192,2020,LV,Spirits
Mixed Cocktail $6,6,69,414,2019,LV,Spirits
Mixed cocktail $6.5,6.5,34,195,2021,LV,Spirits
Mixed cocktail $6.5,6.5,5,32.5,2022,LV,Spirits
Mixed cocktail $6.5,6.5,29,188.5,2020,LV,Spirits
Mixed cocktail $6.5,6.5,57,370.5,2019,LV,Spirits
Mixed cocktail $7,7,109,707,2021,LV,Spirits
Mixed cocktail $7,7,43,294,2022,LV,Spirits
Mixed cocktail $7,7,60,413,2020,LV,Spirits
Mixed cocktail $7,7,90,630,2019,LV,Spirits
Mobtelobos Mezcal,9,20,160,2022,LV,Spirits
Monkey Shoulder,7.5,49,367.5,2021,LV,Spirits
Monkey Shoulder,7.5,8,60,2022,LV,Spirits
Monkey Shoulder,7.5,27,202.5,2020,LV,Spirits
Monkey Shoulder,7.5,51,382.5,2019,LV,Spirits
Moscow Mule,7,860,5999,2021,CH,Spirits
Moscow Mule,7,233,1624,2022,CH,Spirits
Moscow Mule,7,590,4123,2020,CH,Spirits
Moscow Mule,7,694,4830,2019,CH,Spirits
Muletide Greeting,7,33,231,2021,LV,Spirits
Muletide Greeting,7,57,399,2022,LV,Spirits
Naked Turtle,3.5,223,766.5,2020,LV,Spirits
Naked Turtle,3.5,339,1179.5,2019,LV,Spirits
NB  Glutiny,5,53,262.5,2020,LV,Spirits
NB  Glutiny,5,47,225,2019,LV,Spirits
New Belgium Fruit Smash Seltzer,4,271,1060,2021,BD,Beer
New Belgium Seltzer,4,143,556,2022,BD,Beer
New Sarum Blue Flower Purple Sour Power,7,19,112,2021,BI,Beer
New Sarum Grimes Hazy IPA,5.25,126,635.25,2021,BI,Beer
New Sarum Princess peach IPA 16OZ,7,43,280,2021,BI,Beer
Noda Coco Loco,7,93,644,2021,BI,Beer
NYE Champagne Bottle,15,4,60,2020,BI,Wine
NYE Champagne Bottle,15,10,150,2019,BI,Wine
NYE Champagne Glass,4.63,1,4.63,2021,BI,Beer
Old Fashion,1.25,610,761.25,2021,MA,Spirits
Old Fashion,1.25,225,281.25,2022,MA,Spirits
Old Fashion,1.25,291,362.51,2020,MA,Spirits
Old Fashion,1.25,581,725,2019,MA,Spirits
Old Forrester 1910,18.5,13,240.5,2021,LC,Spirits
Old Forrester 1910,13.5,14,162,2021,LC,Spirits
One Car Bomb,5,4,20,2022,LC,Spirits
Open Bar,7.5,193,3682.96,2021,LB,Spirits
Open Bar,4,44,201.02,2022,LB,Spirits
Open Bar,3,70,1178.8,2020,LB,Spirits
Open Bar,2,101,614.81,2019,LB,Spirits
Orange Creamsicle,4.5,11,49.5,2021,CH,Spirits
Palmetto Espresso,5,3,15,2021,BD,Beer
Palmetto Porter,5,18,90,2022,BD,Beer
Paulaner Oktoberfest w/ Mug  can 5pk,21,2,42,2021,BI,Beer
PB Cup Shot,5,85,425,2021,LV,Spirits
PB Cup Shot,5,43,215,2020,LV,Spirits
PB&J Shot,5,13,65,2021,LV,Spirits
PB&J Shot,5,2,10,2020,LV,Spirits
Peach Schnapps,4,2,8,2021,LV,Spirits
Peach Schnapps,4,2,8,2022,LV,Spirits
Peach Schnapps,4,4,16,2020,LV,Spirits
Peach Schnapps,4,23,88,2019,LV,Spirits
Pendleton,6.5,1,0,2020,LV,Spirits
Pendleton,6.5,6,39,2019,LV,Spirits
Pernod Absinthe,10,3,20,2020,LV,Spirits
Pernod Absinthe,10,21,210,2019,LV,Spirits
Pilsner Urquell,5,388,1935,2021,BD,Beer
Pilsner Urquell,5,133,665,2022,BD,Beer
Pilsner Urquell,5,388,1940,2020,BD,Beer
Pilsner Urquell,5,657,3255,2019,BD,Beer
Pimms No 1,5.5,13,71.5,2021,LV,Spirits
Pimms No 1,5.5,14,77,2022,LV,Spirits
Pimms No 1,5.25,3,15.75,2021,LV,Spirits
Pink Paloma,8.5,22,187,2021,CH,Spirits
Pinot Grigio,32,4,74.88,2022,CH,Wine
Pinot Grigio,32,2,32,2020,CH,Wine
Pinot Grigio,32,13,240,2019,CH,Wine
Pinot Grigio,8,347,2768,2019,CH,Spirits
Pinot Grigio,7.5,87,637.5,2022,CH,Spirits
Pinot Grigio,7.5,256,1872.73,2020,CH,Spirits
Pinot Grigio,32,17,352,2021,WI,Wine
Pinot Grigio,7.5,318,2362.5,2021,WI,Wine
Pinot Noir,32,16,256,2019,WI,Wine
Pinot Noir,36,12,234,2022,WI,Wine
Pinot Noir,36,12,218,2020,WI,Wine
Pinot Noir,20,18,220,2019,WI,Wine
Pinot Noir,9,129,1098,2022,WI,Wine
Pinot Noir,8,263,2092,2019,WI,Wine
Pinot Noir,9,229,1700,2020,WI,Wine
Pinot Noir,36,6,108,2021,WI,Wine
Pinot Noir,9,439,3717,2021,WI,Wine
Pisco Sour,9,77,684,2022,WI,Wine
Pitter Patter,7,37,252,2019,WI,Spirits
POP RoX,5,26,130,2019,WI,Spirits
Quest BPA,5.25,1,5.25,2020,WI,Beer
Quest BPA,5.25,15,78.75,2019,WI,Beer
Quest Kaldi,8.5,4,34,2019,WI,Beer
RB Ginsburg,5,4,20,2021,LV,Spirits
Red Breast,10,29,290,2019,LV,Spirits
Red Stripe,4,680,2684,2021,BI,Beer
Red Stripe,4,170,660,2022,BI,Beer
Red Stripe,4,611,2438,2020,BI,Beer
Red Stripe,4,1163,4616,2019,BI,Beer
Red Velvet Rose,9,26,234,2020,BI,Beer
Reedy Beer,5,45,225,2021,LV,Spirits
Reedy Vodka,5,20,100,2021,LV,Spirits
Reedy Whisky,5,30,150,2021,LV,Spirits
Reedy Wine,5,56,280,2021,LV,Spirits
Revelry Seltzer,6,23,138,2021,BI,Beer
Rittenhouse Rye,6,92,552,2021,LV,Spirits
Rittenhouse Rye,6,32,192,2022,LV,Spirits
Rittenhouse Rye,6,63,366,2020,LV,Spirits
Rittenhouse Rye,6,93,546,2019,LV,Spirits
Rose,8,81,640,2019,LV,Wine
Rose,8,1,8,2019,LV,Wine
Rose,24,14,168,2020,LV,Wine
Rose,24,5,60,2019,LV,Wine
Rose,32,6,144,2019,LV,Wine
Rose,20,19,220,2019,LV,Wine
Rose,24,4,36,2022,LV,Wine
Rose,6,69,372,2020,LV,Wine
Rose,6,4,24,2020,LV,Wine
Rose,6,50,300,2019,LV,Wine
Rose,6,4,24,2019,LV,Wine
Rose,8,40,320,2019,LV,Wine
Rose,6,46,240,2022,LV,Wine
Rose,24,2,24,2021,WI,Wine
Rose,24,4,36,2021,WI,Wine
Rose,6,83,492,2021,WI,Wine
Rose,6,3,18,2021,WI,Wine
Rose,6,41,246,2021,WI,Wine
Rose,6,1,6,2021,WI,Wine
Russelle R,7.5,14,97.5,2019,WI,Spirits
Rye N Gosling,7,49,343,2020,WI,Spirits
Rye N Gosling,7,153,1071,2019,WI,Spirits
Sailor Jerry,3.5,1107,3745,2019,WI,Spirits
Saint  Archer,4,331,1320,2020,WI,Spirits
Sangria Glass,5,37,185,2021,CH,Spirits
Sangria Pitcher,20,6,120,2021,CH,Spirits
Sauvignon Blanc,36,3,36,2022,CH,Wine
Sauvignon Blanc,32,5,80,2020,CH,Wine
Sauvignon Blanc,32,17,304,2019,CH,Wine
Sauvignon Blanc,8.5,56,450.5,2022,CH,Spirits
Sauvignon Blanc,8.5,161,1216,2020,CH,Spirits
Sauvignon Blanc,8,176,1384,2019,CH,Spirits
Sauvignon Blanc,36,3,54,2021,WI,Wine
Sauvignon Blanc,32,3,48,2021,WI,Wine
Sauvignon Blanc,36,3,90,2021,WI,Wine
Sauvignon Blanc,8.5,104,858.5,2021,WI,Wine
Sauvignon Blanc,8.5,187,1564,2021,WI,Wine
Scofflaw Peachtree Seltzer,4.75,17,76,2021,BD,Beer
Scotch Negroni,8.25,6,49.5,2021,LV,Spirits
Scotch Negroni,8.25,27,206.25,2022,LV,Spirits
Seattle Cider,7.5,235,1755,2020,LV,Beer
Seattle Cider,7.5,384,2868.75,2019,LV,Beer
Seattle Cider Basil Mint,7.5,169,1267.5,2021,BI,Beer
SH Coffee,5,41,205,2021,SH,Spirits
Shipyard Export,5,2,10,2019,SH,Spirits
Sierra Nevada Oktoberfe,5.5,57,302.5,2021,BI,Beer
Sierra Nevada Oktoberfe,4.5,14,63,2021,BI,Beer
Sierra Nevada Pale,5.5,164,852.5,2019,BI,Beer
Sierra Nevada Pale,5.5,239,1298,2021,BI,Beer
Sierra Nevada Pale,5.5,121,654.5,2020,BI,Beer
Sierra Nevada Pale,5,45,220,2021,BI,Beer
Sierra Nevada Pale,5,25,122.5,2020,BI,Beer
Sierra Nevada Pale,5,108,558.5,2022,BI,Beer
Sierra Nevada Pale,5,26,127.5,2022,BI,Beer
Sipsmith,7,26,182,2020,BI,Beer
Six & Twenty Carolina Cream,5,33,165,2021,LS,Spirits
Six & Twenty Carolina Cream,5,4,20,2022,LS,Spirits
Six & Twenty Carolina Cream,5,42,210,2020,LS,Spirits
Six & Twenty Carolina Cream,5,46,225,2019,LS,Spirits
Six & Twenty Old Money Whiskey,9,10,90,2022,LS,Spirits
Six & Twenty Old Money Whiskey,9,64,531,2020,LS,Spirits
Six & Twenty Old Money Whiskey,9,73,639,2019,LS,Spirits
Six & Twenty Old Money Whiskey,9,55,495,2021,LS,Spirits
Six & Twenty Rum,11,5,55,2022,LS,Spirits
Six & Twenty Rum,9,13,117,2021,LS,Spirits
Six & Twenty Vodka,9,5,45,2021,LS,Spirits
Six & Twenty Vodka,9,3,27,2022,LS,Spirits
Six & Twenty Vodka,9,13,117,2020,LS,Spirits
Sixpoint Resin DIPA,6.5,18,117,2021,SH,Beer
Slane Irish Whisky,6.5,46,299,2021,LB,Spirits
Slane Irish Whisky,6,22,132,2021,LB,Spirits
Slow & Low Rye,6.25,32,200,2021,LV,Spirits
Slow & Low Rye,6.25,9,70.25,2020,LV,Spirits
Smirnoff Bloody Mary,4.25,181,748.02,2019,LV,Spirits
Smithwicks Irish Red,4,206,820,2020,LV,Beer
Smithwicks Irish Red,4,265,1050,2019,LV,Beer
Smithwicks Irish Red,4,226,900,2021,SH,Beer
Smithwicks Irish Red,3,139,510,2022,LV,Beer
Smoking Lounge,8,133,1048,2021,MA,Spirits
Smoking Lounge,2,68,134,2021,MA,Spirits
Smoking Lounge,2,100,199.8,2020,MA,Spirits
Smoking Lounge,2,149,294,2019,MA,Spirits
Snake Bite,7,1,7,2020,MA,Spirits
Spitfire,7,2,14,2019,MA,Spirits
Squirrel PB,4.5,13,58.5,2020,MA,Spirits
Squirrel PB Whiskey,4.5,16,72,2021,LB,Spirits
SS Nut Brown,6.5,62,390,2020,LB,Spirits
SS Nut Brown,6.5,110,715,2019,LB,Spirits
St Patty Car Bomb,5,32,160,2021,LV,Spirits
St Patty Guiness,4,31,124,2021,LV,Beer
St.  Bernardus Wit,7.25,37,268.25,2020,LV,Spirits
St.  Bernardus Wit,7.25,125,906.25,2019,LV,Spirits
St. Germaine,7,1,7,2021,LV,Spirits
St. Germaine,7,3,21,2022,LV,Spirits
St. Germaine,7,3,21,2020,LV,Spirits
St. Germaine,7,3,21,2019,LV,Spirits
Sternum Kick,9.5,240,2280,2021,CH,Spirits
Sternum Kick,9.5,85,807.5,2020,CH,Spirits
Sternum Kick,9.5,64,608,2019,CH,Spirits
T.C.  Dopplebock,5,11,50,2021,BI,Beer
T.C.  Dopplebock,5,3,15,2022,BI,Beer
T.C.  Dopplebock,5,59,275,2020,BI,Beer
T.C.  Dopplebock,5,32,140,2019,BI,Beer
T.C. Cream Ale,5,52,250,2019,BI,Beer
T.C. Red,5,179,850,2019,BI,Beer
Talisker 10,10,7,70,2020,BI,Beer
Talisker 10,10,39,380,2019,BI,Beer
Tanq Lime Can,9,67,585,2022,BI,Beer
Tanqueray,6.25,167,1025,2021,LD,Spirits
Tanqueray,6.25,63,387.5,2022,LD,Spirits
Tanqueray,6.25,11,51.75,2020,LD,Spirits
Tanqueray Sevilla,5.5,4,22,2021,LD,Spirits
Tanqueray Sevilla,5.5,26,110,2022,LD,Spirits
Tecate,4,557,2148,2021,SH,Beer
Tecate,4,187,728,2022,SH,Beer
Tecate,4,311,1240,2020,SH,Beer
Tecate,4,246,960,2019,SH,Beer
The Dreamsicle,8.5,134,1139,2022,SH,Spirits
The Nightingale,8.5,80,680,2022,SH,Spirits
The Postage,7.5,45,339.5,2022,SH,Spirits
The Snapper,9,137,1215,2021,CH,Spirits
Tijuana Donkey,6,15,90,2019,CH,Spirits
Tin Cup,7.5,5,37.5,2019,CH,Spirits
Tito's,8.5,88,748,2021,CH,Spirits
Tito's,6,1387,8274,2021,LV,Spirits
Tito's,6,462,2772,2022,LV,Spirits
Tito's,6,813,4824,2020,LV,Spirits
Tito's,6,1453,8646,2019,LV,Spirits
Titos Mule,8.5,20,170,2022,LV,Spirits
Titos Mule,8.5,40,340,2020,LV,Spirits
Titos Mule,8.5,181,1538.5,2019,LV,Spirits
Tres Agaves,5,129,620,2019,LV,Spirits
Trooper,7.25,2,14.5,2020,LV,Spirits
Trooper,7.25,12,79.76,2019,LV,Spirits
Truly,5,315,1565,2020,LV,Spirits
Truly Berry,5,364,1790,2019,LV,Spirits
Truly Berry Variety,5,155,775,2021,SH,Spirits
Union Mezcal,6,14,60,2020,SH,Spirits
Union Mezcal,6,73,438,2019,SH,Spirits
Upcountry Sippin on Ginger Juice,5.25,267,1365,2020,SH,Beer
Upcountry Sippin on Ginger Juice,5.25,238,1228.5,2019,SH,Beer
Upcountry Sippin on Ginger Juice,5.25,35,157.5,2020,SH,Beer
Upcountry Sippin on Ginger Juice,5,30,150,2022,SH,Beer
Upcountry Sippin on Ginger Juice,5,14,70,2021,SH,Beer
Upcountry Strawb Milk IPA,5.25,1,5.25,2021,SH,Beer
Upcountry Strawb Milk IPA,5,31,100,2021,SH,Beer
Upcountry Strawb Milk IPA,5,4,20,2022,SH,Beer
Victory Sour Monkey,7,130,903,2022,SH,Beer
Victory Sour Monkey,7,311,2170,2020,SH,Beer
Victory Sour Monkey,7,363,2506,2019,SH,Beer
Victory Sour Monkey,7,546,3794,2021,SH,Beer
Violette Femme,7.5,40,292.5,2020,SH,Spirits
Violette Femme,7.5,171,1275,2019,SH,Spirits
Vizzy Pineapple Mango,5.75,21,120.75,2021,BI,Beer
Vizzy Pineapple Mango,5.75,116,649.78,2020,SH,Beer
Weihen Heffe,5,469,2335,2021,BI,Beer
Weihen Heffe,5,114,570,2022,BI,Beer
Weihen Heffe,5,560,2790,2020,BI,Beer
Weihen Heffe,5,540,2657.5,2019,BI,Beer
Weihen Original,5,221,1035,2021,BI,Beer
Weihen Original,5,48,235,2022,BI,Beer
Weihen Original,5,303,1500,2020,BI,Beer
Weihen Original,5,498,2452.5,2019,BI,Beer
Westbrook IPA,6,24,144,2021,BI,Beer
Westbrook IPA,6,227,1326,2020,BI,Beer
Westbrook IPA,6,305,1797,2019,BI,Beer
Westbrook Lassi,10.25,20,199.88,2019,BI,Beer
Westbrook Lemon Cucumber Gose,5.25,66,336,2021,BI,Beer
Westbrook OneClaw,6.5,27,175.5,2022,BI,Beer
Westbrook Orange Creamsicle Seltzer,7.75,18,139.5,2021,BI,Beer
Westbrook Santa Claw,10.25,17,169.13,2019,BI,Beer
Westbrook Two Claw,6.75,45,297,2019,BI,Beer
Westbrook White Thai,5.5,62,324.5,2021,BI,Beer
Whiskey mule,7,99,693,2021,CH,Spirits
Whiskey mule,7,28,196,2022,CH,Spirits
Whiskey mule,7,289,2023,2020,CH,Spirits
Whiskey mule,7,282,1974,2019,CH,Spirits
White Claw,17,43,731,2021,BI,Beer
White Claw,17,1,17,2022,BI,Beer
White Claw,17,92,1486,2020,BI,Beer
White Claw,5,736,3590,2021,BI,Beer
White Claw,5,207,1005,2022,BI,Beer
White Claw,5,402,1995,2020,BI,Beer
White Claw,5,353,1768.75,2019,BI,Beer
White Russian,3,107,321,2021,LD,Spirits
White Russian,3,45,135,2022,LD,Spirits
White Russian,3,48,144,2020,LD,Spirits
White Russian,3,102,303,2019,LD,Spirits
White Zombie,5,51,255,2021,BI,Beer
White Zombie,5,594,2945,2020,BI,Beer
White Zombie,5,722,3570,2019,BI,Beer
Wicked Weed Freak of Nature DIPA,5.75,72,408.25,2021,SI,Beer
Wicked Weed Freak of Nature DIPA,5.75,91,517.5,2022,SI,Beer
WINE 10.22 event,4,55,220,2021,WI,Wine
Woffler Dry Rose,9,142,1278,2021,BI,Beer
Woffler Dry Rose,9,57,513,2022,BI,Beer
Woffler Dry Rose,9,166,1476,2020,BI,Beer
Woffler Dry Rose,9,223,1980,2019,BI,Beer
Woodford Reserve,7.5,238,1710,2021,LB,Spirits
Woodford Reserve,7.5,73,495,2022,LB,Spirits
Woodford Reserve,7.5,155,1147.5,2020,LB,Spirits
Woodford Reserve,7.5,210,1488.75,2019,LB,Spirits
Woodinville,8.5,10,85,2021,LB,Spirits
Woodinville,8.5,5,34,2020,LB,Spirits
Young's Double Choc ,8,24,192,2022,BI,Beer
Young's Double Choc ,6.5,160,988,2021,BI,Beer
Young's Double Choc ,6.5,133,851.5,2020,BI,Beer
Young's Double Choc ,6.5,207,1339,2019,BI,Beer
Zephyr,7,2,14,2019,BI,Beer
