ORDER DATE,ITEM,Type,DISTRIBUTOR,UNIT COST,ORDER UNIT,TOTAL COST
2/2/2021,A&W Rootbeer,Mixer,Greenco,20.5,1,20.5
4/6/2021,A&W Rootbeer,Mixer,Greenco,21.5,1,21.5
8/10/2021,A&W Rootbeer,Mixer,Greenco,21.5,1,21.5
5/18/2021,A&W Rootbeer,Mixer,Greenco,21.5,1,21.5
6/22/2021,A&W Rootbeer,Mixer,Greenco,21.5,1,21.5
2/1/2021,Aberlour 12yr,Liquor,Tony's,45.99,1,45.99
3/6/2021,Absolut Pear,Liquor,Tony's,22.7,1,22.7
9/30/2021,Ace Cider Perry Can,Can/Bottle,Southern,35.16,1,35.16
10/14/2021,Ace Cider Perry Can,Can/Bottle,Southern,35.16,1,35.16
8/1/2021,Allagash Curieux,Can/Bottle,KW,79,1,79
11/30/2021,Allagash Curieux,Can/Bottle,KW,79,1,79
4/13/2021,Allagash Grove Peach Kombucha Session ,Can/Bottle,KW,37.95,1,37.95
4/20/2021,Allagash White,Can/Bottle,KW,37.95,1,37.95
4/27/2021,Allagash White,Can/Bottle,KW,37.95,1,37.95
5/4/2021,Allagash White,Can/Bottle,KW,37.95,1,37.95
6/1/2021,Allagash White,Can/Bottle,KW,37.95,1,37.95
5/25/2021,Allagash White,Can/Bottle,KW,37.95,1,37.95
2/2/2021,Allagash White,Can/Bottle,KW,37.95,1,37.95
2/16/2021,Allagash White,Can/Bottle,KW,37.95,1,37.95
3/10/2021,Allagash White,Can/Bottle,KW,37.95,1,37.95
3/23/2021,Allagash White,Can/Bottle,KW,37.95,1,37.95
9/29/2021,Allagash White,Can/Bottle,KW,37.95,1,37.95
11/23/2021,Allagash White,Can/Bottle,KW,37.95,1,37.95
11/30/2021,Allagash White,Can/Bottle,KW,37.95,1,37.95
1/26/2021,Anderson Valley Blood Orange Gose,Can/Bottle,Advintage,38,1,38
10/12/2021,Anderson Valley Blood Orange Gose,Can/Bottle,Advintage,38,1,38
1/5/2021,Anderson Valley Blood Orange Gose,Can/Bottle,Advintage,38,1,38
2/9/2021,Anderson Valley Blood Orange Gose,Can/Bottle,Advintage,38,1,38
3/16/2021,Anderson Valley Blood Orange Gose,Can/Bottle,Advintage,38,1,38
12/7/2021,Anderson Valley Blood Orange Gose,Can/Bottle,Advintage,38,1,38
3/2/2021,Anderson Valley Blood Orange Gose,Can/Bottle,Advintage,40,1,40
9/24/2021,Angostura Bitters,Liquor,Tony's,8.99,1,8.99
3/1/2021,Angostura Bitters,Liquor,Tony's,8.99,1,8.99
4/12/2021,Angostura Bitters,Liquor,Tony's,8.99,1,8.99
5/1/2021,Angostura Bitters,Liquor,Tony's,8.99,1,8.99
5/24/2021,Angostura Bitters,Liquor,Tony's,8.99,1,8.99
1/2/2021,Angostura Bitters,Liquor,Tony's,8.99,2,17.98
3/15/2021,Angostura Bitters,Liquor,Tony's,8.99,2,17.98
2/17/2021,Angostura Bitters,Mixer,Tony's,8.99,2,17.98
3/1/2021,Aperol ,Liquor,Tony's,21.99,1,21.99
2/17/2021,Aperol ,Liquor,Tony's,21.99,1,21.99
3/13/2021,Aperol ,Liquor,Tony's,21.99,1,21.99
6/22/2021,Avery White Rascal,Can/Bottle,Advintage,40,1,40
7/6/2021,Avery White Rascal,Can/Bottle,Advintage,40,1,40
8/24/2021,Avery White Rascal,Can/Bottle,Advintage,40,1,40
12/22/2020,Barrit's Ginger Beer,Can/Bottle,Breakthru,20.16,1,20.16
1/5/2021,Barrit's Ginger Beer,Can/Bottle,Breakthru,20.16,2,40.32
12/8/2020,Barrit's Ginger Beer,Mixer,Breakthru,20.16,1,20.16
4/13/2021,Barrit's Ginger Beer,Mixer,Breakthru,20.16,1,20.16
1/12/2021,Barrit's Ginger Beer,Mixer,Breakthru,20.16,2,40.32
5/11/2021,Barrit's Ginger Beer,Mixer,Breakthru,20.16,2,40.32
5/18/2021,Barrit's Ginger Beer,Mixer,Breakthru,20.16,2,40.32
10/26/2021,Barrit's Ginger Beer,Mixer,Breakthru,20.16,2,40.32
4/6/2021,Barrit's Ginger Beer,Mixer,Breakthru,20.16,3,60.48
1/26/2021,Barrit's Ginger Beer,Mixer,Breakthru,20.16,3,60.48
4/20/2021,Barrit's Ginger Beer,Mixer,Breakthru,20.16,3,60.48
6/8/2021,Barrit's Ginger Beer,Mixer,Breakthru,20.16,3,60.48
7/6/2021,Barrit's Ginger Beer,Mixer,Breakthru,20.16,3,60.48
3/23/2021,Barrit's Ginger Beer,Mixer,Breakthru,20.16,3,60.48
7/21/2021,Barrit's Ginger Beer,Mixer,Breakthru,20.16,4,80.64
9/28/2021,Barrit's Ginger Beer,Mixer,Breakthru,20.16,5,80.64
8/10/2021,Barrit's Ginger Beer,Mixer,Breakthru,20.16,8,161.28
11/16/2021,Barrit's Ginger Beer,Mixer,Breakthru,20.16,10,201.6
2/2/2021,Barrit's Ginger Beer,Mixer,Breakthru,20.16,1,20.16
3/2/2021,Barrit's Ginger Beer,Mixer,Breakthru,20.16,1,20.16
2/23/2021,Barrit's Ginger Beer,Mixer,Breakthru,20.16,2,40.32
3/16/2021,Barrit's Ginger Beer,Mixer,Breakthru,20.16,2,40.32
3/10/2021,Barrit's Ginger Beer,Mixer,Breakthru,20.16,3,60.48
8/1/2021,Barrit's Ginger Beer,Mixer,Breakthru,32.4,1,32.4
4/5/2021,Beefeater Gin,Liquor,Tony's,24.99,1,24.99
3/3/2021,Beefeater Gin,Liquor,Tony's,20.99,1,24.99
4/13/2021,Bells Two Hearted,Can/Bottle,KW,36,1,36
6/15/2021,Bells Two Hearted,Can/Bottle,KW,36,1,36
7/6/2021,Bells Two Hearted,Can/Bottle,KW,36,1,36
8/10/2021,Bells Two Hearted,Can/Bottle,KW,36,1,36
11/30/2021,Bells Two Hearted,Can/Bottle,KW,32,1,32
3/2/2021,Bells Two Hearted,Can/Bottle,KW,36,1,36
9/21/2021,Bells Two Hearted,Can/Bottle,KW,36,1,36
10/5/2021,Bells Two Hearted,Can/Bottle,KW,36,1,36
11/9/2021,Bells Two Hearted,Can/Bottle,KW,36,1,36
5/25/2021,Bells Two Hearted,Can/Bottle,KW,36,1,36
12/8/2020,Bells Two Hearted,Can/Bottle,KW,36,1,36
1/19/2021,Bells Two Hearted,Can/Bottle,KW,36,1,36
5/4/2021,Pinot Grigio,Wine,Breakthru,71.88,1,71.88
6/22/2021,Pinot Grigio,Wine,Breakthru,71.88,1,71.88
3/30/2021,BFS Bluprint,Can/Bottle,Advintage,53,1,53
7/20/2021,BFS Bluprint,Can/Bottle,Advintage,53,1,53
1/25/2022,BFS Bluprint,Can/Bottle,Advintage,53,1,53
8/1/2021,BFS Bluprint,Can/Bottle,Advintage,53,1,53
8/24/2021,BFS Bluprint,Can/Bottle,Advintage,53,1,53
11/16/2021,BFS Bluprint,Can/Bottle,Advintage,53,1,53
11/23/2021,BFS Bluprint,Can/Bottle,Advintage,53,1,53
11/30/2021,BFS Bluprint,Can/Bottle,Advintage,53,1,53
6/8/2021,BFS Bluprint,Can/Bottle,Advintage,59,1,59
7/6/2021,BFS Bluprint,Can/Bottle,Advintage,59,1,59
1/5/2021,BFS Bluprint,Can/Bottle,Advintage,53,1,53
2/16/2021,BFS Bluprint,Can/Bottle,Advintage,53,1,53
3/2/2021,BFS Bluprint,Can/Bottle,Advintage,53,1,53
3/16/2021,BFS Bluprint,Can/Bottle,Advintage,53,1,53
4/6/2021,BFS Bluprint,Can/Bottle,Advintage,53,1,53
4/27/2021,BFS Bluprint,Can/Bottle,Advintage,53,1,53
5/4/2021,BFS Bluprint,Can/Bottle,Advintage,53,1,53
6/1/2021,BFS Bluprint,Can/Bottle,Advintage,53,1,53
8/10/2021,BFS Bluprint,Can/Bottle,Advintage,53,1,53
9/21/2021,BFS Bluprint,Can/Bottle,Advintage,53,1,53
10/12/2021,BFS Bluprint,Can/Bottle,Advintage,53,1,53
12/22/2020,BFS Bluprint,Can/Bottle,Advintage,53,1,53
1/19/2021,BFS Bluprint,Can/Bottle,Advintage,53,1,53
2/2/2021,BFS Bluprint,Can/Bottle,Advintage,53,1,53
12/7/2021,BFS Bluprint,Can/Bottle,Advintage,53,1,53
8/31/2021,BFS Bluprint,Can/Bottle,Advintage,53,1,53
10/20/2021,Cabernet,Wine,Advintage,83.88,1,83.88
2/2/2021,Blackberry Classic Saison ,Can/Bottle,Advintage,43,1,43
1/12/2021,Malbec,Wine,Breakthru,78,1,78
5/4/2021,Malbec,Wine,Breakthru,78,1,78
7/6/2021,Malbec,Wine,Breakthru,78,1,78
3/16/2021,Malbec,Wine,Breakthru,78,1,78
5/4/2021,Blakes,Can/Bottle,Greenco,31.98,1,31.98
11/23/2021,Blakes,Can/Bottle,Greenco,31.98,1,31.98
1/19/2021,Blakes,Can/Bottle,Greenco,31.98,1,31.98
2/16/2021,Blakes,Can/Bottle,Greenco,31.98,1,31.98
3/2/2021,Blakes,Can/Bottle,Greenco,31.98,1,31.98
3/16/2021,Blakes,Can/Bottle,Greenco,31.98,1,31.98
3/23/2021,Blakes,Can/Bottle,Greenco,31.98,1,31.98
3/30/2021,Blakes,Can/Bottle,Greenco,31.98,1,31.98
4/6/2021,Blakes,Can/Bottle,Greenco,31.98,1,31.98
5/18/2021,Blakes,Can/Bottle,Greenco,31.98,1,31.98
6/8/2021,Blakes,Can/Bottle,Greenco,31.98,1,31.98
8/31/2021,Blakes,Can/Bottle,Greenco,35.16,1,35.16
9/21/2021,Blakes,Can/Bottle,Greenco,35.16,1,35.16
12/22/2020,Blakes,Can/Bottle,Greenco,31.98,1,31.98
7/6/2021,Blakes,Can/Bottle,Greenco,31.98,1,31.98
8/1/2021,Blakes,Can/Bottle,Greenco,31.98,1,31.98
5/25/2021,Blakes,Can/Bottle,Greenco,31.98,2,63.96
11/23/2021,Blakes,Can/Bottle,Greenco,31.98,2,63.96
4/20/2021,Blakes,Can/Bottle,Greenco,31.98,1,31.98
6/26/2021,Blanton's,Liquor,Tony's,69,1,69
6/15/2021,Boddington's,Can/Bottle,KW,44.2,1,44.2
4/20/2021,Boddington's,Can/Bottle,KW,44.2,1,44.2
5/25/2021,Boddington's,Can/Bottle,KW,44.2,1,44.2
12/22/2020,Boddington's,Can/Bottle,KW,44.2,1,44.2
12/29/2020,Boddington's,Can/Bottle,KW,44.2,1,44.2
3/16/2021,Boddington's,Can/Bottle,KW,44.2,1,44.2
3/23/2021,Boddington's,Can/Bottle,KW,44.2,1,44.2
2/2/2021,Boddington's,Can/Bottle,KW,44.2,1,44.2
12/7/2021,Brewery 85 southern Pale Ale,Can/Bottle,KW,31.98,1,31.98
1/2/2021,Buffalo Trace,Liquor,Tony's,33.99,1,33.99
2/1/2021,Buffalo Trace,Liquor,Tony's,33.99,1,33.99
3/6/2021,Buffalo Trace,Liquor,Tony's,33.99,1,33.99
3/11/2021,Buffalo Trace,Liquor,Tony's,33.99,1,33.99
4/3/2021,Buffalo Trace,Liquor,Tony's,33.99,1,33.99
4/19/2021,Buffalo Trace,Liquor,Tony's,33.99,1,33.99
12/4/2020,Bushmills Whiskey,Liquor,Tony's,26.99,1,26.99
9/11/2021,Campari,Liquor,Tony's,26.5,1,26.5
10/12/2021,Pinot Grigio,Wine,Advintage,71.88,1,71.88
9/11/2021,Captain Morgan,Liquor,Tony's,19.99,1,19.99
9/24/2021,Captain Morgan,Liquor,Tony's,19.99,1,19.99
4/12/2021,Captain Morgan,Liquor,Tony's,19.99,1,19.99
4/19/2021,Captain Morgan,Liquor,Tony's,19.99,1,19.99
5/17/2021,Captain Morgan,Liquor,Tony's,19.99,1,19.99
6/19/2021,Captain Morgan,Liquor,Tony's,19.99,1,19.99
12/8/2020,Captain Morgan,Liquor,Tony's,19.99,1,19.99
1/22/2021,Captain Morgan,Liquor,Tony's,19.99,1,19.99
3/3/2021,Captain Morgan,Liquor,Tony's,19.99,1,19.99
3/22/2021,Captain Morgan,Liquor,Tony's,19.99,1,19.99
3/13/2021,Captain Morgan,Liquor,Tony's,19.99,2,39.98
7/27/2021,Captain Morgan,Liquor,Tony's,19.99,1,19.99
3/16/2021,Carolans Irish Cream,Liquor,Tony's,13.99,2,27.98
3/30/2021,Carolina Craft Alien Hat,Can/Bottle,KW,37.95,1,37.95
2/1/2021,Casamigos,Liquor,Tony's,45.99,1,45.99
3/16/2021,Casamigos,Liquor,Tony's,45.99,1,45.99
5/1/2021,Casamigos,Liquor,Tony's,45.99,1,45.99
12/21/2020,Casamigos,Liquor,Tony's,37.99,1,37.99
1/4/2021,Casamigos,Liquor,Tony's,37.99,1,37.99
6/19/2021,Casamigos,Liquor,Tony's,45.99,1,45.99
2/1/2021,Casamigos,Liquor,Tony's,37.99,1,37.99
4/19/2021,Casamigos,Liquor,Tony's,37.99,1,37.99
5/4/2021,Casamigos,Liquor,Tony's,37.99,2,75.98
5/17/2021,Casamigos,Liquor,Tony's,49.99,1,49.99
5/1/2021,Casamigos,Liquor,Tony's,42.99,1,42.99
6/29/2021,Catawba Hopiness Haze,Can/Bottle,KW,35.16,1,35.16
2/2/2021,Catawba Hopiness Haze,Can/Bottle,KW,35.16,1,35.16
12/8/2020,Catawba White Zombie,Can/Bottle,KW,35.16,1,35.16
12/22/2020,Catawba White Zombie,Can/Bottle,KW,35.16,1,35.16
1/5/2021,Catawba White Zombie,Can/Bottle,KW,35.16,1,35.16
1/12/2021,Catawba White Zombie,Can/Bottle,KW,35.16,1,35.16
4/13/2021,Malbec,Wine,Breakthru,71.88,1,71.88
5/25/2021,Malbec,Wine,Breakthru,72,1,72
12/28/2020,Malbec,Wine,Breakthru,71.88,1,71.88
3/2/2021,Malbec,Wine,Breakthru,71.88,1,71.88
9/24/2021,Chambord,Liquor,Tony's,27.59,1,27.59
6/19/2021,Chambord,Liquor,Tony's,27.59,1,27.59
2/17/2021,Chambord,Liquor,Tony's,27.59,1,27.59
3/8/2021,Chambord,Liquor,Tony's,27.59,1,27.59
3/22/2021,Chambord,Liquor,Tony's,27.59,1,27.59
3/22/2021,Chambord,Liquor,Tony's,27.59,1,27.59
4/3/2021,Chambord,Liquor,Tony's,27.59,1,27.59
5/17/2021,Chambord,Liquor,Tony's,27.59,1,27.59
5/11/2021,Rose,Wine,Breakthru,96,1,96
2/22/2021,Chartrues Greene,Liquor,Tony's,47.99,0.75,47.99
12/22/2020,Cheerwine,Mixer,Greenco,20.5,1,20.5
3/2/2021,Cheerwine,Mixer,Greenco,21.5,1,21.5
3/30/2021,Cheerwine,Mixer,Greenco,21.5,1,21.5
5/11/2021,Cheerwine,Mixer,Greenco,21.5,1,21.5
6/8/2021,Cheerwine,Mixer,Greenco,21.5,1,21.5
8/10/2021,Cheerwine,Mixer,Greenco,21.5,1,21.5
5/18/2021,Columbia Craft Alien Hat,Can/Bottle,KW,37.95,1,37.95
6/8/2021,Columbia Craft Alien Hat,Can/Bottle,KW,37.95,1,37.95
6/15/2021,Columbia Craft Alien Hat,Can/Bottle,KW,37.95,1,37.95
8/10/2021,Columbia Craft Alien Hat,Can/Bottle,KW,37.95,1,37.95
3/16/2021,Columbia Craft Alien Hat,Can/Bottle,KW,37.95,1,37.95
12/28/2021,Coors Banquet 18pk,Can/Bottle,Greenco,15.61,4,62.44
2/2/2021,Coors Banquet 18pk,Can/Bottle,Greenco,19.63,4,78.52
1/19/2021,Coors Banquet 18pk,Can/Bottle,Greenco,19.63,5,98.15
3/16/2021,Coors Banquet 18pk,Can/Bottle,Greenco,14.72,6,88.32
12/29/2020,Coors Banquet 18pk,Can/Bottle,Greenco,14.72,6,88.32
3/19/2021,Coors Banquet 18pk,Can/Bottle,Greenco,20.06,6,120.36
1/26/2021,Coors Banquet 18pk,Can/Bottle,Greenco,19.63,8,157.04
2/23/2021,Coors Banquet 18pk,Can/Bottle,Greenco,19.63,8,157.04
12/8/2020,Coors Banquet 18pk,Can/Bottle,Greenco,14.72,10,147.2
12/15/2020,Coors Banquet 18pk,Can/Bottle,Greenco,14.72,10,147.2
12/22/2020,Coors Banquet 18pk,Can/Bottle,Greenco,14.72,10,147.2
8/1/2021,Coors Banquet 18pk,Can/Bottle,Greenco,14.72,10,147.2
8/17/2021,Coors Banquet 18pk,Can/Bottle,Greenco,14.72,10,147.2
8/24/2021,Coors Banquet 18pk,Can/Bottle,Greenco,14.72,10,147.2
6/29/2021,Coors Banquet 18pk,Can/Bottle,Greenco,19.63,10,196.3
6/15/2021,Coors Banquet 18pk,Can/Bottle,Greenco,19.63,10,196.3
6/22/2021,Coors Banquet 18pk,Can/Bottle,Greenco,19.63,10,196.3
11/9/2021,Coors Banquet 18pk,Can/Bottle,Greenco,13.38,10,133.8
11/16/2021,Coors Banquet 18pk,Can/Bottle,Greenco,13.38,10,133.8
4/20/2021,Coors Banquet 18pk,Can/Bottle,Greenco,14.72,10,147.2
4/27/2021,Coors Banquet 18pk,Can/Bottle,Greenco,14.72,10,147.2
9/7/2021,Coors Banquet 18pk,Can/Bottle,Greenco,14.72,10,147.2
6/8/2021,Coors Banquet 18pk,Can/Bottle,Greenco,14.72,10,147.2
7/6/2021,Coors Banquet 18pk,Can/Bottle,Greenco,14.72,10,147.2
7/13/2021,Coors Banquet 18pk,Can/Bottle,Greenco,14.72,10,147.2
7/20/2021,Coors Banquet 18pk,Can/Bottle,Greenco,14.72,10,147.2
7/27/2021,Coors Banquet 18pk,Can/Bottle,Greenco,14.72,10,147.2
8/10/2021,Coors Banquet 18pk,Can/Bottle,Greenco,14.72,10,147.2
8/31/2021,Coors Banquet 18pk,Can/Bottle,Greenco,14.72,10,147.2
9/14/2021,Coors Banquet 18pk,Can/Bottle,Greenco,14.72,10,147.2
1/5/2021,Coors Banquet 18pk,Can/Bottle,Greenco,14.72,12,176.64
1/12/2021,Coors Banquet 18pk,Can/Bottle,Greenco,14.72,12,176.64
11/23/2021,Coors Banquet 18pk,Can/Bottle,Greenco,13.38,15,200.7
5/4/2021,Coors Banquet 18pk,Can/Bottle,Greenco,14.72,15,220.8
6/1/2021,Coors Banquet 18pk,Can/Bottle,Greenco,14.72,15,220.8
9/21/2021,Coors Banquet 18pk,Can/Bottle,Greenco,14.72,15,220.8
5/18/2021,Coors Banquet 18pk,Can/Bottle,Greenco,14.72,17,250.24
11/30/2021,Coors Banquet 18pk,Can/Bottle,Greenco,13.38,18,240.84
2/9/2021,Coors Banquet 18pk,Can/Bottle,Greenco,19.63,19,372.97
5/11/2021,Coors Banquet 18pk,Can/Bottle,Greenco,14.72,20,294.4
3/23/2021,Coors Banquet 18pk,Can/Bottle,Greenco,20.06,20,401.2
5/18/2021,Coors Banquet 18pk,Can/Bottle,Greenco,20.06,20,401.2
3/2/2021,Coors Banquet 18pk,Can/Bottle,Greenco,14.27,26,371.02
3/30/2021,Coors Banquet 18pk,Can/Bottle,Greenco,19.63,30,588.9
10/5/2021,Coors Banquet 18pk,Can/Bottle,Reyes,13.38,25,334.5
10/12/2021,Coors Banquet 18pk,Can/Bottle,Reyes,18.36,25,459
10/12/2021,Coors Light,Can/Bottle,Reyes,21.35,3,64.05
7/6/2021,Corona,Can/Bottle,Greenco,22.2,1,22.2
5/18/2021,Corona,Can/Bottle,Greenco,31.98,1,31.98
9/14/2021,Corona,Can/Bottle,Greenco,31.98,1,31.98
8/17/2021,Corona,Can/Bottle,Greenco,31.98,1,31.98
7/13/2021,Corona,Can/Bottle,Greenco,28.76,1,28.76
6/1/2021,Corona,Can/Bottle,Greenco,31.98,2,63.96
10/12/2021,Corona,Can/Bottle,Reyes,28.78,1,28.78
4/6/2021,Crabbie's Ginger Beer,Can/Bottle,Greenco,47.5,1,47.5
5/25/2021,Sauvignon Blanc,Wine,Breakthru,95.88,1,95.88
12/28/2020,Sauvignon Blanc,Wine,Breakthru,95.88,1,95.88
4/20/2021,Sauvignon Blanc,Wine,Breakthru,95.88,1,95.88
7/6/2021,Sauvignon Blanc,Wine,Breakthru,95.88,1,95.88
3/2/2021,Sauvignon Blanc,Wine,Breakthru,95.88,1,95.88
1/18/2021,Crown Royal,Liquor,Tony's,32.59,1,32.59
3/1/2021,Crown Royal,Liquor,Tony's,32.59,1,32.59
4/19/2021,Crown Royal,Liquor,Tony's,32.59,1,32.59
5/17/2021,Crown Royal,Liquor,Tony's,32.59,1,32.59
3/29/2021,Crown Royal,Liquor,Tony's,32.59,1,32.59
3/13/2021,Cutty Sark Prohibition,Liquor,Tony's,32.99,1,32.99
9/9/2021,Cutty Sark Scotch,Liquor,Tony's,20.99,1,20.99
9/24/2021,Cutty Sark Scotch,Liquor,Tony's,20.99,1,20.99
9/11/2021,Cutty Sark Scotch,Liquor,Tony's,20.99,2,41.98
12/8/2020,Cutty Sark Scotch,Liquor,Tony's,20.99,1,20.99
1/22/2021,Cutty Sark Scotch,Liquor,Tony's,20.99,1,20.99
3/13/2021,Cutty Sark Scotch,Liquor,Tony's,20.99,1,20.99
3/15/2021,Cutty Sark Scotch,Liquor,Tony's,20.99,1,20.99
3/19/2021,Cutty Sark Scotch,Liquor,Tony's,20.99,1,20.99
4/3/2021,Cutty Sark Scotch,Liquor,Tony's,20.99,1,20.99
4/5/2021,Cutty Sark Scotch,Liquor,Tony's,20.99,1,20.99
4/12/2021,Cutty Sark Scotch,Liquor,Tony's,20.99,1,20.99
4/19/2021,Cutty Sark Scotch,Liquor,Tony's,20.99,1,20.99
4/26/2021,Cutty Sark Scotch,Liquor,Tony's,20.99,1,20.99
2/22/2021,Cutty Sark Scotch,Liquor,Tony's,20.99,1,20.99
5/17/2021,Cutty Sark Scotch,Liquor,Tony's,20.99,1,20.99
6/19/2021,Cutty Sark Scotch,Liquor,Tony's,20.99,2,41.98
12/21/2020,Cutty Sark Scotch,Liquor,Tony's,20.99,2,41.98
2/1/2021,Cutty Sark Scotch,Liquor,Tony's,20.99,2,41.98
3/22/2021,Cutty Sark Scotch,Liquor,Tony's,20.99,2,41.98
5/1/2021,Cutty Sark Scotch,Liquor,Tony's,20.99,2,41.98
6/14/2021,Cutty Sark Scotch,Liquor,Tony's,20.99,3,62.97
2/17/2021,Cutty Sark Scotch,Liquor,Tony's,20.99,3,62.97
3/6/2021,Cutty Sark Scotch,Liquor,Tony's,20.99,3,62.97
5/24/2021,Cutty Sark Scotch,Liquor,Tony's,20.99,3,62.97
3/29/2021,Cutty Sark Scotch,Liquor,Tony's,20.99,1,20.99
9/28/2021,Cabernet,Wine,Advintage,83.88,1,83.88
12/28/2021,Cabernet,Wine,Advintage,83.88,1,83.88
1/25/2022,Cabernet,Wine,Advintage,6.99,12,83.88
11/9/2021,Cabernet,Wine,Advintage,6.99,12,83.88
11/23/2021,Cabernet,Wine,Advintage,6.99,12,83.88
12/7/2021,Cabernet,Wine,Advintage,6.99,12,83.88
12/28/2021,Cabernet,Wine,Advintage,6.99,12,83.88
8/31/2021,Cabernet,Wine,Advintage,6.99,12,83.88
7/20/2021,Chardonnay,Wine,Advintage,6.99,12,83.88
10/20/2021,Chardonnay,Wine,Advintage,83.88,1,83.88
2/1/2021,Deep Eddy Lemon,Liquor,Tony's,12.8,1,12.8
3/1/2021,Deep Eddy Lemon,Liquor,Tony's,12.8,1,12.8
3/8/2021,Deep Eddy Lemon,Liquor,Tony's,12.8,1,12.8
4/5/2021,Deep Eddy Lemon,Liquor,Tony's,12.8,1,12.8
6/14/2021,Deep Eddy Lemon,Liquor,Tony's,12.8,1,12.8
6/19/2021,Deep Eddy Lemon,Liquor,Tony's,12.8,1,12.8
12/4/2020,Deep Eddy Lemon,Liquor,Tony's,12.8,1,12.8
3/22/2021,Deep Eddy Lemon,Liquor,Tony's,12.8,2,25.6
6/26/2021,Deep Eddy Lemon,Liquor,Tony's,12.8,1,12.8
3/16/2021,Deep Eddy Lime,Liquor,Southern,13,1,13
3/13/2021,Deep Eddy Lime,Liquor,Tony's,12.8,1,12.8
9/4/2021,Deep Eddy Vodka,Liquor,Tony's,12.8,1,153.6
4/12/2021,Deep Eddy Vodka,Liquor,Tony's,12.8,1,12.8
12/4/2020,Deep Eddy Vodka,Liquor,Tony's,12.8,1,12.8
1/22/2021,Deep Eddy Vodka,Liquor,Tony's,12.8,1,12.8
3/13/2021,Deep Eddy Vodka,Liquor,Tony's,12.8,1,12.8
4/3/2021,Deep Eddy Vodka,Liquor,Tony's,12.8,1,12.8
3/6/2021,Deep Eddy Vodka,Liquor,Tony's,12.8,2,25.6
2/1/2021,Deep Eddy Vodka,Liquor,Tony's,12.8,2,25.6
12/8/2020,Deep Eddy Vodka,Liquor,Tony's,12.8,2,25.6
12/11/2020,Deep Eddy Vodka,Liquor,Tony's,12.8,2,25.6
2/17/2021,Deep Eddy Vodka,Liquor,Tony's,12.8,2,25.6
4/26/2021,Deep Eddy Vodka,Liquor,Tony's,12.8,2,25.6
1/4/2021,Deep Eddy Vodka,Liquor,Tony's,12.8,3,38.4
1/18/2021,Deep Eddy Vodka,Liquor,Tony's,12.8,3,38.4
3/3/2021,Deep Eddy Vodka,Liquor,Tony's,12.8,3,38.4
3/8/2021,Deep Eddy Vodka,Liquor,Tony's,12.8,3,38.4
3/15/2021,Deep Eddy Vodka,Liquor,Tony's,12.8,3,38.4
3/19/2021,Deep Eddy vodka,Liquor,Tony's,12.8,3,38.4
4/5/2021,Deep Eddy Vodka,Liquor,Tony's,12.8,3,38.4
5/17/2021,Deep Eddy Vodka,Liquor,Tony's,12.8,3,38.4
2/22/2021,Deep Eddy Vodka,Liquor,Tony's,12.8,4,51.2
3/22/2021,Deep Eddy Vodka,Liquor,Tony's,12.8,4,51.2
5/24/2021,Deep Eddy Vodka,Liquor,Tony's,12.8,4,51.2
5/4/2021,Deep Eddy Vodka,Liquor,Tony's,12.8,5,64
3/29/2021,Deep Eddy Vodka,Liquor,Tony's,12.8,1,38.4
4/26/2021,Dekuyper Butterscotch,Liquor,Tony's,9.39,1,9.39
4/19/2021,Dekuyper Butterscotch,Liquor,Tony's,9.39,1,9.39
5/24/2021,Dekuyper Butterscotch,Liquor,Tony's,9.39,1,9.39
2/1/2021,Dekuyper Buttershots,Liquor,Tony's,9.39,1,9.39
3/22/2021,Dekuyper Buttershots,Liquor,Tony's,9.39,1,9.39
3/22/2021,Dekuyper Buttershots,Liquor,Tony's,9.39,1,9.39
9/24/2021,Dekuyper Peach,Liquor,Tony's,9.39,1,9.39
1/22/2021,Dekuyper Peach,Liquor,Tony's,9.39,1,9.39
2/1/2021,Dekuyper Peach,Liquor,Tony's,9.39,1,9.39
3/15/2021,Dekuyper Peach,Liquor,Tony's,9.39,1,9.39
3/19/2021,Dekuyper Peach,Liquor,Tony's,9.39,1,9.39
3/22/2021,Dekuyper Peach,Liquor,Tony's,9.39,1,9.39
4/12/2021,Dekuyper Peach,Liquor,Tony's,9.39,1,9.39
4/26/2021,Dekuyper Peach,Liquor,Tony's,9.39,1,9.39
4/19/2021,Dekuyper Peach,Liquor,Tony's,9.39,1,9.39
3/11/2021,Dekuyper Peach,Liquor,Tony's,7.99,1,7.99
5/4/2021,Dekuyper Peach,Liquor,Tony's,9.39,1,9.39
2/17/2021,Dekuyper Peach,Liquor,Tony's,9.39,1,9.39
1/4/2021,Dekuyper Peach,Mixer,Tony's,9.39,1,9.39
12/23/2020,Diet Coke Bottles,Mixer,Coca Cola,22,2,44
1/27/2021,Disaronno,Liquor,Tony's,30.99,1,30.99
4/19/2021,Disaronno,Liquor,Tony's,30.99,1,30.99
2/17/2021,Disaronno,Liquor,Tony's,30.99,1,30.99
3/11/2021,Disaronno,Liquor,Tony's,30.99,1,30.99
3/29/2021,Disaronno,Liquor,Tony's,30.99,1,30.99
12/22/2020,Dogfish Head 60 Min,Can/Bottle,Greenco,27.57,1,27.57
1/5/2021,Dogfish Head 60 Min,Can/Bottle,Greenco,31.98,1,31.98
2/2/2021,Dogfish Head 60 Min,Can/Bottle,Greenco,31.98,1,31.98
2/23/2021,Dogfish Head 60 Min,Can/Bottle,Greenco,31.98,1,31.98
4/20/2021,Dogfish Head 60 Min,Can/Bottle,Greenco,31.98,1,31.98
7/20/2021,Dogfish Head 60 Min,Can/Bottle,Greenco,31.98,1,31.98
6/15/2021,Dogfish Head 60 Min,Can/Bottle,Greenco,35.18,1,35.18
6/29/2021,Dogfish Head 60 Min,Can/Bottle,Greenco,35.18,1,35.18
3/30/2021,Dogfish Head 60 Min,Can/Bottle,Greenco,31.98,1,31.98
4/6/2021,Dogfish Head 60 Min,Can/Bottle,Greenco,31.98,1,31.98
9/14/2021,Dogfish Head 60 Min,Can/Bottle,Greenco,35.18,1,35.18
8/1/2021,Dogfish Head 60 Min,Can/Bottle,Greenco,31.98,1,31.98
8/10/2021,Dogfish Head 60 Min,Can/Bottle,Greenco,35.18,1,35.18
8/31/2021,Dogfish Head 60 Min,Can/Bottle,Greenco,35.18,1,35.18
12/30/2021,Don Julio Silver,Liquor,Tony's,41.99,1,41.99
9/24/2021,Don Q,Liquor,Tony's,10.99,1,10.99
6/19/2021,Don Q,Liquor,Tony's,10.99,1,10.99
4/12/2021,Don Q,Liquor,Tony's,10.99,1,10.99
4/26/2021,Don Q,Liquor,Tony's,10.99,1,10.99
3/29/2021,Don Q,Liquor,Tony's,10.99,1,10.99
5/24/2021,Don Q,Liquor,Tony's,10.99,1,10.99
12/4/2020,Don Q,Liquor,Tony's,10.99,1,10.99
3/3/2021,Don Q,Liquor,Tony's,10.99,2,21.98
1/18/2021,Don Q,Liquor,Tony's,10.99,2,21.98
3/19/2021,Draft 2 Blokes English Pub Ale,Keg,Lowcountry,85,1/6 Barrel,115
1/5/2021,Draft 21st Amendment Blood Orange IPA,Keg,Greenco,82,1/6 Barrel,132
6/29/2021,Draft 21ST Amendment El Sully Mexican Lager,Keg,Greenco,82,1/6 Barrel,132
6/8/2021,Draft Ace Cider Bloody,Keg,Southern,89,1/6 Barrel,89
5/24/2021,Draft Ace Cider Joker,Keg,Southern,79,1/6 Barrel,109
2/4/2021,Draft Ace Cider Perry,Keg,Southern,79,1/6 Barrel,109
12/30/2021,Draft Ace Pear Cider,Keg,Southern,79,1/6 Barrel,79
6/8/2021,Draft Ace Pink Guava,Keg,Southern,89,1/6 Barrel,89
9/10/2021,Draft Ace Pumpkin Cider,Keg,Southern,79,1/6 Barrel,109
8/24/2021,Draft Allagash Tripel,Keg,KW,89,1/6 Barrel,139
6/29/2021,Draft Allagash White,Keg,KW,79,1/6 Barrel,129
12/29/2020,Draft Allagash White,Keg,KW,79,1,129
3/10/2021,Draft Allagash White,Keg,KW,79,1/6 Barrel,129
6/8/2021,Draft Anderson Valley Boont,Keg,Advintage,99,1/6 Barrel,149
3/23/2021,Draft Anderson Valley Briney Melon Gose,Keg,Advintage,99,1/6 Barrel,149
12/15/2020,Draft Austin Blood Orange Keg,Keg,Greenco,75,1/6 Barrel,75
11/9/2021,Draft Austin Blood Orange Keg,Keg,KW,70,1/6 Barrel,120
9/21/2021,Draft Avery Ellie's Brown ale,Keg,Advintage,99,1/6 Barrel,149
7/20/2021,Draft Bell's Amber,Keg,KW,97,1/4 Barrel,147
8/24/2021,Draft Bell's Amber,Keg,KW,97,1/4 Barrel,147
4/13/2021,Draft Bells Flamingo,Keg,KW,104,1/4 Barrel,154
3/23/2021,Draft Bells Oberon Wheat,Keg,KW,97,1/4 Barrel,147
10/26/2021,Draft Bell's Official Hazy,Keg,KW,179,1/2 Barrel,179
11/16/2021,Draft Bell's Official Hazy,Keg,KW,179,1/2 Barrel,179
12/22/2021,Draft Bells Porter,Keg,KW,97,1/4 Barrel,97
7/20/2021,Draft BFS Apricot Blonde,Keg,Advintage,84,1/6 Barrel,134
2/2/2021,Draft BFS Days Like This Kolsch,Keg,Advintage,69,1,119
7/27/2021,Draft BFS Days Like This Kolsch,Keg,Advintage,74,1/6 Barrel,74
8/24/2021,Draft BFS Days Like This Kolsch,Keg,Advintage,74,1/6 Barrel,74
12/28/2021,Draft BFS Fat Ma Pils,Keg,Advintage,74,1/6 Barrel,74
6/29/2021,Draft BFS Fat Ma Pils,Keg,Advintage,74,1/6 Barrel,124
8/24/2021,Draft BFS Fat Ma Pils,Keg,Advintage,74,1/6 Barrel,74
1/5/2021,Draft BFS Fat Ma Pils,Keg,Advintage,69,1/6 Barrel,119
3/23/2021,Draft BFS Fat Ma Pils,Keg,Advintage,74,1/6 Barrel,124
4/13/2021,Draft BFS Fat Ma Pils,Keg,Advintage,74,1/6 Barrel,124
12/22/2020,Draft BFS Fat Ma Pils,Keg,Advintage,69,1/6 Barrel,119
3/2/2021,Draft BFS Fat Ma Pils,Keg,Advintage,69,1/6 Barrel,119
6/22/2021,Draft BFS Fat Ma Pils,Keg,Advintage,74,1/6 Barrel,124
3/16/2021,Draft BFS Fat Ma Pils,Keg,Advintage,74,1/6 Barrel,124
6/1/2021,Draft BFS Fat Ma Pils,Keg,Advintage,74,1/6 Barrel,124
10/5/2021,Draft BFS Fat Ma Pils,Keg,Advintage,74,1/6 Barrel,74
10/14/2021,Draft BFS Fat Ma Pils,Keg,Advintage,74,1/6 Barrel,74
1/25/2022,Draft BFS Fat Ma Pils,Keg,Advintage,74,1/6 Barrel,74
9/28/2021,Draft BFS Fat Ma Pils,Keg,Advintage,74,1/6 Barrel,124
8/31/2021,Draft BFS Fat Ma Pils,Keg,Advintage,74,1/6 Barrel,124
8/24/2021,Draft BFS Flocktoberfest,Keg,Advintage,84,1/6 Barrel,134
1/25/2022,Draft BFS Houdini Logic,Keg,Advintage,84,1/2 Barrel,84
7/27/2021,Draft BFS Perch: Watermelon Mint,Keg,Advintage,94,1/6 Barrel,94
8/1/2021,Draft BFS Perch: Watermelon Mint,Keg,Advintage,94,1/6 Barrel,144
5/11/2021,Draft BFS South Nights Like These,Keg,Advintage,74,1/6 Barrel,124
1/5/2021,Draft Blakes,Keg,Greenco,85,1/6 Barrel,135
12/22/2020,Draft Blakes,Keg,Greenco,85,1/6 Barrel,135
3/23/2021,Draft Blakes,Keg,Greenco,90,1/6 Barrel,140
4/20/2021,Draft Blakes,Keg,Greenco,90,1/6 Barrel,140
12/8/2020,Draft Blakes,Keg,Greenco,79.75,1/6 Barrel,129.75
1/19/2021,Draft Blakes,Keg,Greenco,79.75,1/6 Barrel,129.75
8/24/2021,Draft Boldrock Honey Crisp,Keg,KW,65,1/6 Barrel,115
6/8/2021,Draft Boldrock Watermelon,Keg,KW,65,1/6 Barrel,115
2/2/2021,Draft Brewdog Hazy Jane,Keg,Greenco,95,1,145
4/6/2021,Draft Brewdog Hazy Jane,Keg,Greenco,90,1/6 Barrel,140
2/9/2021,Draft Brooklyn Lager,Keg,Greenco,90,1/6 Barrel,90
3/10/2021,Draft Bull City Rico Guave,Keg,Carolina,110,1/6 Barrel,160
12/22/2021,Draft Bullcity Beetnik,Keg,Carolina,185,1/2 Barrel,185
10/12/2021,Draft Bullcity Beetnik,Keg,Carolina,75,1/6 Barrel*2,250
7/14/2021,Draft Bullcity Berry Blazed,Keg,Carolina,75,1/6 Barrel,75
7/28/2021,Draft Bullcity Berry Blazed,Keg,Carolina,75,1/6 Barrel,75
9/1/2021,Draft Bullcity Bludacris Cider,Keg,Carolina,75,1/6 Barrel,125
12/22/2021,Draft Bullcity Cardinal Cin,Keg,Carolina,75,1/6 Barrel,75
7/14/2021,Draft Bullcity Cherry Tart,Keg,Carolina,75,1/6 Barrel,75
6/16/2021,Draft Bullcity Cherry Tart,Keg,Carolina,75,1/6 Barrel,125
7/14/2021,Draft Bullcity Creme De Lorange,Keg,Carolina,75,1/6 Barrel,75
4/20/2021,Draft Bullcity El Matador,Keg,Carolina,85,1/6 Barrel,135
11/3/2021,Draft Bullcity Off Main,Keg,Carolina,70,1/6 Barrel,70
11/17/2021,Draft Bullcity Off Main,Keg,Carolina,70,1/6 Barrel,70
8/11/2021,Draft Bullcity Off Main,Keg,Carolina,70,1,70
3/24/2021,Draft Bullcity Off Main,Keg,Carolina,70,1/6 Barrel,120
6/8/2021,Draft Bullcity OYAH,Keg,Carolina,70,1/6 Barrel,120
4/20/2021,Draft Bullcity Pomme Pom Cherie,Keg,Carolina,80,1/6 Barrel,130
12/22/2021,Draft Bullcity Sasquatch,Keg,Carolina,115,1/6 Barrel,115
4/27/2021,Draft Bullcity Sweet Carolina,Keg,Carolina,75,1/6 Barrel,125
3/30/2021,Draft Carolina Craft Lager,Keg,KW,71,1/6 Barrel,121
7/20/2021,Draft Catawba Hopiness Haze,Keg,KW,85,1/6 Barrel,135
2/23/2021,Draft Catawba Hopiness Haze,Keg,KW,85,1/6 Barrel,135
3/2/2021,Draft Catawba Hopiness Haze,Keg,KW,85,1/6 Barrel,135
9/14/2021,Draft Catawba Hopiness Haze,Keg,KW,85,1/6 Barrel,135
7/6/2021,Draft Coast Kolsch,Keg,Advintage,79,1/6 Barrel,129
8/10/2021,Draft Coast Kolsch,Keg,Advintage,79,1/6 Barrel,129
12/14/2021,Draft COAST VIENNA LAGER,Keg,Advintage,79,1/6 Barrel,79
6/11/2021,Draft Columbia Craft Carolinian,Keg,KW,73,1/6 Barrel,123
6/11/2021,Draft Columbia Craft Famously Hopped IPA,Keg,KW,77,1/6 Barrel,127
11/16/2021,Draft Columbia Craft Famously Hopped iPA,Keg,KW,77,1/6 Barrel,77
8/31/2021,Draft Columbia Craft Flagship iPA,Keg,KW,77,1/6 Barrel,127
6/11/2021,Draft Columbia Craft Hazy IPA,Keg,KW,80,1/6 Barrel,130
8/10/2021,Draft Columbia Craft Hazy IPA,Keg,KW,80,1/6 Barrel,130
8/10/2021,Draft Columbia Craft Lager,Keg,KW,71,1/6 Barrel,121
6/11/2021,Draft Columbia Craft Pineapple Guava Marshmallow Lactose,Keg,KW,80,1/6 Barrel,130
6/11/2021,Draft Columbia Craft Retracement,Keg,KW,85,1/6 Barrel,135
6/11/2021,Draft Columbia Craft Tangy Lime,Keg,KW,80,1,80
5/12/2021,Draft Cooper River Blonde,Keg,Carolina,79,1/6 Barrel,129
11/3/2021,Draft Cooper River Blonde,Keg,Carolina,79,1/6 Barrel,79
5/18/2021,Draft Cooper River Brew Dristrict,Keg,Carolina,79,1/6 Barrel,129
8/1/2021,Draft Cooper River Cascade APA,Keg,Carolina,79,1/6 Barrel,129
3/10/2021,Draft Cooper River Orange Blonde,Keg,Carolina,79,1/6 Barrel,129
5/18/2021,Draft Cooper River Tropical Pale,Keg,Carolina,79,1/6 Barrel,129
10/26/2021,Draft Devil's Backbone Vienna Lager,Keg,KW,67,1/6 Barrel,67
11/23/2021,Draft Doc's Pear,Keg,Advintage,179,1/2 Barrel,179
12/7/2021,Draft Doc's Pear,Keg,Advintage,179,1/2 Barrel,179
7/27/2021,Draft Doc's Pear,Keg,Advintage,69,1/6 Barrel,69
10/5/2021,Draft Doc's Pear,Keg,Advintage,69,1/6 Barrel,69
11/2/2021,Draft Doc's Pear,Keg,Advintage,69,1/6 Barrel,69
9/21/2021,Draft Doc's Pear,Keg,Advintage,86,1/6 Barrel,136
7/27/2021,Draft Doc's Pear,Keg,Advintage,69,1/6 Barrel,69
10/5/2021,Draft Doc's Pear,Keg,Advintage,86,1/6 Barrel,86
4/14/2021,Draft Dogfish Head Hazy O IPA,Keg,Greenco,90,1/6 Barrel,140
3/10/2021,Draft Dogfish Head Hazy O IPA,Keg,Greenco,90,1/6 Barrel,140
4/27/2021,Draft Duclaw Dreamsicle,Keg,Greenco,90,1/6 Barrel,140
3/10/2021,Draft Duclaw Pastry Mexican Hot Chocolate Brown,Keg,Greenco,90,1/6 Barrel,140
5/4/2021,Draft Duclaw Sour Me Peach,Keg,Greenco,100,1/6 Barrel,150
8/24/2021,Draft Edmund' Sour Blackberry Raspberry,Keg,Advintage,105,1/6 Barrel,155
6/29/2021,Draft Edmund's Bitter Heart Ale,Keg,Advintage,85,1/6 Barrel,135
11/2/2021,Draft Edmund's Smoking Jacket Porter,Keg,Advintage,85,1/6 Barrel,85
3/23/2021,Draft Edmund's Something Cold Blonde,Keg,Advintage,75,1/6 Barrel,125
9/21/2021,Draft Edmund's Something Cold Blonde,Keg,Advintage,75,1/6 Barrel,125
3/2/2021,Draft Empty Keg,Keg,Advintage,50,3,150
3/2/2021,Draft Empty Keg,Keg,Greenco,50,1,50
3/2/2021,Draft Empty Keg,Keg,Greenco,50,1,50
3/2/2021,Draft Empty Keg,Keg,KW,50,2,100
7/21/2021,Draft Epic Tart & Juicy Sour,Keg,Breakthru,115.99,1/4 Barrel,115.99
8/10/2021,Draft Foothills Festival Express,Keg,Greenco,65,1/6 Barrel,115
6/15/2021,Draft Foothills Hoppyum IPA,Keg,Greenco,75,1/6 Barrel,125
8/24/2021,Draft Foothills Hoppyum IPA,Keg,Greenco,75,1/6 Barrel,125
1/19/2021,Draft Foothills Hoppyum IPA,Keg,Greenco,75,1/6 Barrel,125
5/25/2021,Draft Foothills People's Porter,Keg,Greenco,75,1/6 Barrel,125
2/23/2021,Draft Foothills Torch Pilsner,Keg,Greenco,75,1/6 Barrel,125
3/16/2021,Draft Foothills Torch Pilsner,Keg,Greenco,75,1/6 Barrel,125
6/15/2021,Draft Foothills Torch Pilsner,Keg,Greenco,75,1/6 Barrel,125
6/29/2021,Draft Foothills Torch Pilsner,Keg,Greenco,75,1/6 Barrel,125
8/17/2021,Draft Foothills Torch Pilsner,Keg,Greenco,75,1/6 Barrel,125
4/20/2021,Draft Foothills Torch Pilsner,Keg,Greenco,75,1/6 Barrel,125
5/25/2021,Draft Foothills Torch Pilsner,Keg,Greenco,75,1/6 Barrel,125
12/29/2020,Draft Foothills Torch Pilsner,Keg,Greenco,75,1/6 Barrel,75
9/14/2021,Draft Foothills Torch Pilsner,Keg,Greenco,75,1/6 Barrel,125
11/9/2021,Draft Founder's Porter,Keg,Greenco,112,1/4 Barrel,162
7/6/2021,Draft FreeHous Little Nug Pale,Keg,Advintage,79,1/6 Barrel,129
9/21/2021,Draft Freehouse Basic Beach Raspberry Sour,Keg,Advintage,86,1/6 Barrel,136
1/25/2022,Draft Freehouse Basic Beach Raspberry Sour,Keg,Advintage,86,1,86
6/15/2021,Draft Freehouse Battery Brown,Keg,Advintage,79,1/6 Barrel,129
8/24/2021,Draft Freehouse Blue Blaze SOUR,Keg,Advintage,98,1/6 Barrel,148
3/16/2021,Draft Freehouse Blue Blaze SOUR,Keg,Advintage,86,1/6 Barrel,136
4/20/2021,Draft Freehouse Organic Battery Brown Ale,Keg,Advintage,79,1/6 Barrel,129
1/26/2021,Draft Freehouse Organic Folly's Pride,Keg,Advintage,79,1/6 Barrel,129
11/30/2021,Draft Freehouse Organic Green Door IPA,Keg,Advintage,109,1/4 Barrel,109
12/7/2021,Draft Freehouse Organic Green Door IPA,Keg,Advintage,109,1/4 Barrel,109
2/23/2021,Draft French Broad Kolsch,Keg,Breakthru,89,1/6 Barrel,109
9/1/2021,Draft Good Times Back Pocket Pale Ale,Keg,Carolina,90,1/6 Barrel,140
4/14/2021,Draft Good Times Blood Moon ,Keg,Carolina,89,1/6 Barrel,139
7/7/2021,Draft Good Times Carolina Sunrise,Keg,Carolina,85,1/6 Barrel,135
4/14/2021,Draft Good Times Doppelina,Keg,Carolina,89,1/6 Barrel,139
7/21/2021,Draft Good Times Dumpster Eagle Lager,Keg,Carolina,85,1/6 Barrel,135
10/6/2021,Draft Good Times Dumpster Eagle Lager,Keg,Carolina,85,1/6 Barrel,85
12/1/2021,Draft Good Times Dumpster Eagle Lager,Keg,Carolina,85,1/6 Barrel,85
10/12/2021,Draft Good Times Hazy Boi,Keg,Carolina,89,1/6 Barrel,139
8/25/2021,Draft Good Times Irish Whip Red,Keg,Carolina,85,1/6 Barrel,135
9/21/2021,Draft Good Times Irish Whip Red,Keg,Carolina,85,1/6 Barrel,135
1/19/2021,Draft Good Times Irish Whip Red,Keg,Carolina,85,1/6 Barrel,135
3/16/2021,Draft Good Times Irish Whip Red,Keg,Carolina,85,1/6 Barrel,135
10/12/2021,Draft Good Times Lady in White Ale,Keg,Carolina,89,1/6 Barrel,139
3/16/2021,Draft Good Times No Sleep Til Brewklyn,Keg,Carolina,90,1/6 Barrel,140
7/28/2021,Draft Good Times OAB Porter,Keg,Carolina,89,1/6 Barrel,89
6/8/2021,Draft Good times Shelter in place IPL,Keg,Carolina,89,1/6 Barrel,139
7/21/2021,Draft Good Times Shelter in place IPL,Keg,Carolina,89,1/6 Barrel,139
4/6/2021,Draft Good Times Spaceballs Ref Blk Lager,Keg,Carolina,89,1/6 Barrel,139
8/11/2021,Draft Good Times The Wilds IPA,Keg,Carolina,89,1,89
3/30/2021,Draft Great Divide Car Camper Hazy Pale Ale,Keg,Advintage,79,1/6 Barrel,129
6/29/2021,Draft Greenman IPA,Keg,Greenco,90,1/6 Barrel,140
10/21/2021,Draft Harpoon Pumpkin Ale,Keg,Southern,62,1/6 Barrel,62
12/30/2021,Draft Harpoon ufo white,Keg,Southern,66,1/6 Barrel,66
7/6/2021,Draft Hi Wire HiPitch IPA,Keg,KW,72,1/6 Barrel,122
3/16/2021,Draft Hi Wire Pink Lemonade Sour,Keg,KW,72,1/6 Barrel,122
11/16/2021,Draft Highland Cold Mountain,Keg,Greenco,97,1/6 Barrel,97
12/22/2021,Draft Highland Gaelic,Keg,Greenco,180,1/2 Barrel,180
5/11/2021,Draft Highland Gaelic,Keg,Greenco,70,1/6 Barrel,120
6/8/2021,Draft Highland Gaelic,Keg,Greenco,70,1/6 Barrel,70
7/20/2021,Draft Highland Gaelic,Keg,Greenco,70,1/6 Barrel,120
8/10/2021,Draft Highland Gaelic,Keg,Greenco,70,1/6 Barrel,120
12/8/2020,Draft Highland Gaelic,Keg,Greenco,70,1/6 Barrel,120
12/22/2020,Draft Highland Gaelic,Keg,Greenco,70,1/6 Barrel,120
1/26/2021,Draft Highland Gaelic,Keg,Greenco,70,1/6 Barrel,120
2/16/2021,Draft Highland Gaelic,Keg,Greenco,70,1/6 Barrel,120
3/30/2021,Draft Highland Gaelic,Keg,Greenco,70,1/6 Barrel,120
12/14/2021,Draft Highland Oatmeal Porter,Keg,Greenco,79,1/6 Barrel,79
11/16/2021,Draft Highland Oatmeal Porter,Keg,Greenco,79,1/6 Barrel,79
2/2/2021,Draft Highland Pilsner,Keg,Greenco,70,1,120
5/11/2021,Draft Highland Pilsner,Keg,Greenco,70,1/6 Barrel,120
4/6/2021,Draft Highland Pilsner,Keg,Greenco,70,1/6 Barrel,120
4/14/2021,Draft Highland Pilsner,Keg,Greenco,70,1/6 Barrel,120
4/27/2021,Draft Highland Pilsner,Keg,Greenco,70,1/6 Barrel,120
5/4/2021,Draft Highland Pilsner,Keg,Greenco,70,1/6 Barrel,120
6/1/2021,Draft Highland Pilsner,Keg,Greenco,70,1/6 Barrel,120
10/12/2021,Draft Highland Pilsner,Keg,Reyes,79,1/6 Barrel,79
12/29/2020,Draft Highland Rising Haze,Keg,Greenco,70,1/6 Barrel,70
6/15/2021,Draft Highland Rising Haze,Keg,Greenco,80,1/6 Barrel,80
6/8/2021,Draft Highland Rising Haze,Keg,Greenco,80,1/6 Barrel,80
12/22/2020,Draft Highland Rising Haze,Keg,Greenco,70,1/6 Barrel,120
1/19/2021,Draft Highland Rising Haze,Keg,Greenco,70,1/6 Barrel,120
1/5/2021,Draft Highland Thunderstruck,Keg,Greenco,70,1/6 Barrel,120
11/9/2021,Draft Hiwire Bed of Nails Brown,Keg,KW,72,1/6 Barrel,122
3/10/2021,Draft Holy City Pilsner,Keg,Greenco,80,1/6 Barrel,130
8/17/2021,Draft Jack's HC Peach,Keg,Advintage,65,1/6 Barrel,115
1/20/2021,Draft Jack's HC Pear Cider,Keg,Advintage,65,1,115
12/28/2021,Draft Kona Big Wave,Keg,KW,72,1/6 Barrel,72
10/20/2021,Draft Lazy Magnolia Coffee Shoppe Coffee Stout,Keg,Advintage,179,1/2 Barrel,179
9/28/2021,Draft Lazy Magnolia Coffee Shoppe Coffee Stout,Keg,Advintage,75,1/6 Barrel,125
5/11/2021,Draft Lazy Magnolia Southern Pecan Brown,Keg,Advintage,75,1/6 Barrel,125
8/10/2021,Draft Lazy Magnolia Southern Pecan Brown,Keg,Advintage,75,1/6 Barrel,125
3/30/2021,Draft Lazy Magnolia Southern Pecan Brown,Keg,Advintage,75,1/6 Barrel,125
11/9/2021,Draft Lazy Magnolia Southern Pecan Brown,Keg,Advintage,75,1/6 Barrel,125
10/20/2021,Draft Lo Fi Blueberry Wheat,Keg,Carolina,190,1/2 Barrel,190
7/21/2021,Draft Lo Fi Blueberry Wheat,Keg,Carolina,84,1/6 Barrel,134
7/7/2021,Draft Lo Fi Mexican Lager,Keg,Carolina,84,1/6 Barrel,84
6/16/2021,Draft Lo Fi Mexican Lager,Keg,Carolina,84,1/6 Barrel,134
12/1/2021,Draft Lo Fi Mexican Lager,Keg,Carolina,84,1/6 Barrel,84
3/10/2021,Draft Lo Fi Mexican Lager,Keg,Carolina,84,1/6 Barrel,134
2/4/2021,Draft McKenzie's Cider,Keg,Southern,79,1/6 Barrel,109
2/16/2021,Draft Munkle Gully Washer Wit,Keg,Advintage,84,1/6 Barrel,84
6/15/2021,Draft Munkle Gully Washer Wit,Keg,Advintage,89,1/6 Barrel,139
9/21/2021,Draft Munkle Haust Bier Harvest Lager,Keg,Advintage,94,1/6 Barrel,144
1/12/2021,Draft Munkle Silver Shoes Stout,Keg,Advintage,84,1/6 Barrel,134
8/31/2021,Draft Munle Brugge City Brune,Keg,Advintage,89,1/6 Barrel,139
12/7/2021,Draft New Belgium Future Hop IPA,Keg,KW,77,1/6 Barrel,77
5/18/2021,Draft New Belgium Summer Bliss Wheat,Keg,KW,67,1/6 Barrel,117
5/4/2021,Draft New Belgium Voodoo Haze,Keg,KW,77,1/6 Barrel,127
12/14/2021,Draft New Belgium Voodoo Haze IPA,Keg,KW,67,1/6 Barrel,67
9/14/2021,Draft New Belgium Voodoo Haze IPA,Keg,KW,77,1/6 Barrel,127
12/8/2020,Draft New Holland Light Pt,Keg,Greenco,75,1/6 Barrel,125
7/14/2021,Draft New Sarum Beer AF,Keg,Carolina,95,1/6 Barrel,145
12/22/2021,Draft NEW SARUM Berry Milksaheke,Keg,Carolina,72,1/6 Barrel,72
8/25/2021,Draft New Sarum Blood Orange Wheat,Keg,Carolina,75,1/6 Barrel,125
2/24/2021,Draft New Sarum Blood Orange Wheat,Keg,Carolina,75,1/6 Barrel,125
2/9/2021,Draft New Sarum Blue Flower Purple Sour Power,Keg,Carolina,105,1/6 Barrel,155
3/10/2021,Draft New Sarum Blue Flower Purple Sour Power,Keg,Carolina,105,1/6 Barrel,155
11/17/2021,Draft New Sarum Get Stuffed Hazy,Keg,Carolina,87,1/6 Barrel,87
9/1/2021,Draft New Sarum Grimes Hazy IPA,Keg,Carolina,72,1/6 Barrel,244
7/28/2021,Draft New Sarum Grimes Hazy IPA,Keg,Carolina,72,1/6 Barrel,72
7/21/2021,Draft New Sarum Grimes Hazy IPA,Keg,Carolina,72,1/6 Barrel,122
4/27/2021,Draft New Sarum Grimes Hazy IPA,Keg,Carolina,72,1/6 Barrel,122
7/7/2021,Draft New Sarum Grimes Hazy IPA,Keg,Carolina,72,1/6 Barrel,72
8/1/2021,Draft New Sarum Grimes Hazy IPA,Keg,Carolina,72,1/6 Barrel,122
8/25/2021,Draft New Sarum Grimes Hazy IPA,Keg,Carolina,72,1/6 Barrel,122
7/28/2021,Draft New Sarum Hurley Blood Wheat,Keg,Carolina,75,1/6 Barrel,75
7/7/2021,Draft New Sarum Lager,Keg,Carolina,72,1/6 Barrel,72
5/18/2021,Draft New Sarum People's Elbow,Keg,Carolina,95,1/6 Barrel,145
5/12/2021,Draft New Sarum River Lager,Keg,Carolina,72,1/6 Barrel,122
4/14/2021,Draft New Sarum River Lager,Keg,Carolina,72,1/6 Barrel,122
4/14/2021,Draft New Sarum River Lager,Keg,Carolina,72,1/6 barrel,122
6/8/2021,Draft New Sarum Roundhouse Porter,Keg,Carolina,72,1/6 Barrel,122
4/6/2021,Draft New Sarum Roundhouse Porter,Keg,Carolina,72,1/6 Barrel,122
3/16/2021,Draft New Sarum Vincent Mango Milkshake IPA,Keg,Carolina,87,1/6 Barrel,137
3/19/2021,Draft Noble Lime Hibiscus Spritz,Keg,Lowcountry,79,1/6 Barrel,109
2/9/2021,Draft Noda Hot Pistol,Keg,Greenco,92.5,1/6 Barrel,92.5
12/15/2020,Draft Noda Radio Haze,Keg,Greenco,103.5,1/6 Barrel,103.5
5/21/2021,Draft Old Hickory Blueberry Berliner,Keg,Lowcountry,69,1/6 Barrel,69
3/12/2021,Draft Old Hickory Stout,Keg,Lowcountry,69,1/6 Barrel,99
4/6/2021,Draft Ommegang Rare Vos,Keg,Advintage,82,1/6 Barrel,132
3/2/2021,Draft Oskar Blues Death by Coconut,Keg,Greenco,100,1/6 Barrel,150
12/15/2020,Draft Oskar Blues Mama's Lil Pils,Keg,Greenco,65,1/6 Barrel,65
2/9/2021,Draft Oskar Blues Mama's Lil Pils,Keg,Greenco,65,1/6 Barrel,65
1/19/2021,Draft Oskar Blues Mama's Lil Pils,Keg,Greenco,65,1/6 Barrel,115
5/18/2021,Draft Oskar Blues Mama's Lil Pils,Keg,Greenco,65,1/6 Barrel,115
6/15/2021,Draft Oskar Blues Mama's Lil Pils,Keg,Greenco,65,1/6 Barrel,115
8/17/2021,Draft Oskar Blues Mama's Lil Pils,Keg,Greenco,65,1/6 Barrel,115
3/23/2021,Draft Oskar Blues Mama's Lil Pils,Keg,Greenco,65,1/6 Barrel,115
9/7/2021,Draft Oskar Blues Mama's Lil Pils,Keg,Greenco,65,1/6 Barrel,115
3/16/2021,Draft Oskar Blues Thick Haze,Keg,Greenco,80,1/6 Barrel,130
9/29/2021,Draft Palmetto Espresso,Keg,KW,79,1/6 Barrel,79
10/12/2021,Draft Palmetto Mango IPA,Keg,KW,79,1/6 Barrel,79
7/21/2021,Draft Pawley's Isle Pale Ale,Keg,Breakthru,75.72,1/6 Barrel,75.72
1/26/2021,Draft Pawley's Isle Tropical Lager,Keg,Breakthru,75.72,1/6 Barrel,105.72
6/8/2021,Draft Poneysaurus Scottish Ale,Keg,Advintage,82,1/6 Barrel,132
8/24/2021,Draft Potter's Passionfruit Mosaic Cider,Keg,Advintage,89,1/6 Barrel,139
8/10/2021,Draft Redhead Trailblazer IPA,Keg,KW,65,1/6 Barrel,115
12/30/2021,Draft RETURNING Guinesss Slim Keg,Keg,Southern,79,1/6 Barrel,79
1/12/2021,Draft Revelry Early Evening Hazy Session IPA,Keg,Advintage,84,1/6 Barrel,84
6/8/2021,Draft Revelry Lazy Day Blonde,Keg,Advintage,89,1/6 Barrel,139
6/1/2021,Draft Revelry Lazy Lover English Ale,Keg,Advintage,89,1/6 Barrel,139
1/25/2022,Draft Revelry Poke the Bear,Keg,Advintage,215,1/2 Barrel,215
11/2/2021,Draft River Dog IPA,Keg,Advintage,77,1/6 Barrel,77
7/27/2021,Draft River Dog Riverwalk Pilsner,Keg,Advintage,76,1/6 Barrel,76
6/29/2021,Draft River Dog Sourshift Peach,Keg,Advintage,85,1/6 Barrel,135
9/28/2021,Draft River Dog Sourshift Peach,Keg,Advintage,85,1/6 Barrel,135
8/10/2021,Draft River Rat Broad River Red,Keg,Advintage,104,1/4 Barrel,104
6/15/2021,Draft River Rat Broad River Red,Keg,Advintage,104,1/4 Barrel,154
7/6/2021,Draft River Rat Broad River Red,Keg,Advintage,104,1/4 Barrel,154
2/9/2021,Draft River Rat Broad River Red,Keg,Advintage,104,1/4 Barrel,154
3/2/2021,Draft River Rat Broad River Red,Keg,Advintage,104,1/4 Barrel,154
5/11/2021,Draft River Rat Broad River Red,Keg,Advintage,104,1/4 Barrel,154
4/13/2021,Draft River Rat Broad River Red,Keg,Advintage,104,1/4 Barrel,154
10/5/2021,Draft River Rat Broad River Red,Keg,Advintage,104,1/4 Barrel,104
11/2/2021,Draft River Rat Broad River Red,Keg,Advintage,115,1/4 Barrel,115
10/26/2021,Draft River Rat Broad River Red,Keg,Advintage,115,1/4 Barrel,115
11/16/2021,Draft River Rat Broad River Red,Keg,Advintage,115,1/4 Barrel,115
11/30/2021,Draft River Rat Broad River Red,Keg,Advintage,115,1/4 Barrel,115
12/7/2021,Draft River Rat Broad River Red,Keg,Advintage,115,1/4 Barrel,115
9/28/2021,Draft River Rat Marzen,Keg,Advintage,72,1/6 Barrel,122
7/20/2021,Draft River Rat Thin Hizzy Hazy,Keg,Advintage,72,1/6 Barrel,122
8/10/2021,Draft River Rat Twisted Lemon Wheat,Keg,Advintage,104,1/4 Barrel,104
6/29/2021,Draft River Rat Twisted Lemon Wheat,Keg,Advintage,72,1/6 Barrel,122
12/29/2020,Draft Rockers Palmetto Trail,Keg,Greenco,20,1/6 Barrel,20
12/29/2020,Draft Rockers Witty Twister,Keg,Greenco,20,1/6 Barrel,20
1/5/2021,Draft Rogue Dead Guy Maibock Ale,Keg,Greenco,85,1/6 Barrel,135
4/6/2021,Draft Scoffalw Dbl Jeopardy,Keg,Breakthru,99,1/6 Barrel,129
3/23/2021,Draft Scofflaw Mimosa Keg,Keg,Breakthru,89,1,109
5/25/2021,Draft Scofflaw Peachtree Seltzer,Keg,Breakthru,77.49,1/6 Barrel,107.49
7/21/2021,Draft Scofflaw POG Basement IPA,Keg,Breakthru,89,1/6 Barrel,89
10/20/2021,Draft Service Rally Point Pilsner,Keg,Advintage,189,1/2 Barrel,189
11/2/2021,Draft Service Rally Point Pilsner,Keg,Advintage,189,1/2 Barrel,189
11/16/2021,Draft Service Rally Point Pilsner,Keg,Advintage,79,1/6 Barrel,79
6/8/2021,Draft Sierra Nevada Dankful,Keg,Southern,70,1/6 Barrel,70
11/24/2021,Draft Sierra Nevada Hazy Thing,Keg,Southern,166,1/2 Barrel,166
11/4/2021,Draft Sierra Nevada Hazy Thing,Keg,Southern,166,1/2 Barrel,166
12/9/2021,Draft Sierra Nevada Hazy Thing,Keg,Southern,166,1/2 Barrel,166
9/30/2021,Draft Sierra Nevada Hazy Thing,Keg,Southern,67,1/6 Barrel,67
10/14/2021,Draft Sierra Nevada Hazy Thing,Keg,Southern,70,1/6 Barrel,70
5/24/2021,Draft Sierra Nevada Hazy Thing,Keg,Southern,70,1/6 Barrel,100
9/30/2021,Draft Sierra Nevada Oktoberfest,Keg,Southern,64,1/6 Barrel,64
9/10/2021,Draft Sierra Nevada Oktoberfest,Keg,Southern,67,1/6 Barrel,97
12/30/2021,Draft Sierra Nevada Pale,Keg,Southern,67,1/6 Barrel,67
5/11/2021,Draft Sixpoint Crisp Pilsner,Keg,Advintage,75,1/6 Barrel,125
7/20/2021,Draft Sixpoint Crisp Pilsner,Keg,Advintage,75,1/6 Barrel,125
2/16/2021,Draft Sixpoint Crisp Pilsner,Keg,Advintage,75,1/6 Barrel,125
6/1/2021,Draft Sixpoint Resin DIPA,Keg,Advintage,95,1/6 Barrel,145
8/10/2021,Draft Sixpoint Trail Haze Hazy IPA,Keg,Advintage,75,1/6 Barrel,75
6/15/2021,Draft Sixpoint Trail Haze Hazy IPA,Keg,Advintage,75,1/6 Barrel,125
10/12/2021,Draft Sloop Oktoberfest,Keg,Advintage,89,1/6 Barrel,89
9/28/2021,Draft Sloop Oktoberfest,Keg,Advintage,89,1/6 Barrel,139
12/15/2020,Draft Southbound Mnt Jam,Keg,Greenco,75,1/6 Barrel,75
5/18/2021,Draft Southern Barrel Tropical Gose,Keg,KW,85,1/6 Barrel,135
11/23/2021,Draft Southern Tier Winte Ale,Keg,KW,72,1/6 Barrel,72
6/8/2021,Draft Steelhand Punch Clock Pilsner,Keg,KW,79,1/6 Barrel,129
6/8/2021,Draft Steelhands Coffee Lager,Keg,KW,77,1/6 Barrel,127
9/29/2021,Draft Steelhands Coffee Lager,Keg,KW,77,1/6 Barrel,77
6/29/2021,Draft Steelhands DIPA,Keg,KW,79,1/6 Barrel,129
7/6/2021,Draft Steelhands IPA,Keg,KW,77,1/6 Barrel,127
6/29/2021,Draft Steelhands Pecan Brown Ale,Keg,KW,79,1/6 Barrel,129
7/20/2021,Draft Steelhands Pecan Brown Ale,Keg,KW,79,1/6 Barrel,129
1/19/2021,Draft Steelhands Pecan Brown Ale,Keg,KW,79,1/6 Barrel,129
4/20/2021,Draft Steelhands Rauchbier,Keg,KW,79,1/6 Barrel,129
5/18/2021,Draft Stone Hazy,Keg,KW,76,1/6 Barrel,126
7/6/2021,Draft Stone IPA,Keg,KW,88,1/6 Barrel,138
1/5/2021,Draft Sycamore Haziness IPA,Keg,Greenco,90,1/6 Barrel,140
5/25/2021,Draft Sycamore Mountain Candy,Keg,Greenco,90,1/6 Barrel,140
9/21/2021,Draft Sycamore Pumpkin Van Latte (MOUNTAIN CANDY),Keg,Greenco,90,1/6 Barrel,140
9/21/2021,Draft T Creek Citrus Tsunami,Keg,Greenco,100,1/6 Barrel,150
2/2/2021,Draft T Creek Red,Keg,Greenco,80,1,130
1/5/2021,Draft T Creek Red,Keg,Greenco,80,1/6 Barrel,130
5/18/2021,Draft T Creek Trifecta,Keg,Greenco,185,2,470
5/11/2021,Draft T Creek Trifecta,Keg,Greenco,185,1/2 Barrel,235
12/8/2020,Draft T Creek Trifecta,Keg,Greenco,185,1/2 Barrel,235
1/12/2021,Draft T Creek Trifecta,Keg,Greenco,185,1/2 Barrel,235
1/19/2021,Draft T Creek Trifecta,Keg,Greenco,185,1/2 Barrel,235
3/2/2021,Draft T Creek Trifecta,Keg,Greenco,185,1/2 Barrel,235
3/10/2021,Draft T Creek Trifecta,Keg,Greenco,185,1/2 Barrel,235
3/16/2021,Draft T Creek Trifecta,Keg,Greenco,185,1/2 Barrel,235
4/20/2021,Draft T Creek Trifecta,Keg,Greenco,185,1/2 Barrel,235
2/23/2021,Draft T Creek Trifecta,Keg,Greenco,90,1/6 Barrel,140
5/4/2021,Draft T Creek Trifecta,Keg,Greenco,90,1/6 Barrel,140
5/18/2021,Draft T Creek Tropical Tidal IPA,Keg,Greenco,100,1/6 Barrel,150
12/14/2021,Draft Terrapin Moohoo Stout,Keg,Greenco,180,1/2 Barrel,180
4/6/2021,Draft Trifecta IPA,Keg,Greenco,185,1/2 Barrel,235
2/9/2021,Draft Trifecta IPA,Keg,Greenco,185,1/2 Barrel,185
2/2/2021,Draft Truly Berry Keg,Keg,Greenco,65,1,115
5/12/2021,Draft Upcountry Gose,Keg,Carolina,85,1/6 Barrel,135
2/16/2021,Draft Upcountry Gose,Keg,Carolina,75,1/6 Barrel,125
7/28/2021,Draft Upcountry Gose,Keg,Carolina,75,1/6 Barrel,75
10/6/2021,Draft Upcountry Gose,Keg,Carolina,75,1/6 Barrel,75
9/29/2021,Draft Upcountry Gose,Keg,Carolina,75,1/6 Barrel,75
3/24/2021,Draft Upcountry Gose,Keg,Carolina,75,1/6 Barrel,125
9/29/2021,Draft Upcountry Isoprene Hazy IPA,Keg,Carolina,85,1/6 Barrel,85
9/21/2021,Draft Upcountry Isoprene Hazy IPA,Keg,Carolina,85,1/6 Barrel,135
8/1/2021,Draft Upcountry Scamper IPA,Keg,Carolina,85,1/6 Barrel,135
9/21/2021,Draft Upcountry Scamper IPA,Keg,Carolina,85,1/6 Barrel,135
8/25/2021,Draft Upcountry Sippin on Ginger Juice,Keg,Carolina,85,1/6 Barrel,135
1/19/2021,Draft Upcountry Sippin on Ginger Juice,Keg,Carolina,75,1/6 Barrel,125
4/6/2021,Draft Upcountry Sippin on Ginger Juice,Keg,Carolina,75,1/6 Barrel,125
2/24/2021,Draft Upcountry Sippin on Ginger Juice,Keg,Carolina,75,1/6 Barrel,125
8/11/2021,Draft Upcountry Strawb Milk IPA,Keg,Carolina,85,1/6 Barrel,85
3/2/2021,Draft Victory Golden Monkey,Keg,KW,93,1/6 Barrel,143
11/30/2021,Draft Victory Hop Haze IPA,Keg,KW,72,1/6 Barrel,72
12/7/2021,Draft Victory Merry Monkey,Keg,KW,93,1/6 Barrel,93
10/20/2021,Draft Victory Merry Monkey,Keg,KW,93,1/6 Barrel,93
2/16/2021,Draft Victory Sour Monkey,Keg,KW,93,1/6 Barrel,143
11/23/2021,Draft Victory Sour Monkey,Keg,KW,93,1/6 Barrel,93
4/20/2021,Draft Victory Summer Hazy ,Keg,KW,72,1/6 Barrel,122
6/15/2021,Draft Westbrook IPA,Keg,Advintage,79,1/6 Barrel,129
11/2/2021,Draft Westbrook IPA,Keg,Advintage,79,1/6 Barrel,79
11/23/2021,Draft Westbrook IPA,Keg,Advintage,79,1/6 Barrel,79
8/31/2021,Draft Westbrook IPA,Keg,Advintage,79,1/6 Barrel,129
6/15/2021,Draft Westbrook Key Lime Pie Gose,Keg,Advintage,89,1/6 Barrel,139
1/25/2022,Draft Westbrook White THai,Keg,Advintage,179,1/2 Barrel,179
8/10/2021,Draft Westbrook White Thai,Keg,Advintage,69,1/6 Barrel,119
2/9/2021,Draft Westbrook White Thai,Keg,Advintage,69,1/6 Barrel,119
3/2/2021,Draft Westbrook White Thai,Keg,Advintage,69,1/6 Barrel,119
4/13/2021,Draft Wicked Weed Freak of Nature DIPA,Keg,KW,90,1/6 Barrel,140
9/21/2021,Draft Wicked Weed Freak of Nature DIPA,Keg,KW,90,1/6 Barrel,140
5/18/2021,Draft Wild Leap Lemonade Sour,Keg,KW,80,1/6 Barrel,130
8/17/2021,Draft Wisacre Oktoberfest Gemutlichkeit,Keg,Advintage,69,1/6 Barrel,119
10/21/2021,Draft Wiseacre Ananda IPA,Keg,Advintage,179,1/2 Barrel,179
6/29/2021,Draft Wiseacre Bow Eacho Hazy,Keg,Advintage,69,1/6 Barrel,119
10/5/2021,Draft Wiseacre Bow Eacho Hazy,Keg,Advintage,69,1/6 Barrel,69
10/5/2021,Draft Wiseacre Bow Eacho Hazy,Keg,Advintage,69,1/6 Barrel,69
10/5/2021,Draft Wiseacre Coffee Milk Stout,Keg,Advintage,69,1/6 Barrel,69
1/25/2022,Draft Wiseacre gotta get up to get down,Keg,Advintage,69,1/2 Barrel,69
12/7/2021,Draft Wiseacre Tiny Bomb Pilsner,Keg,Advintage,69,1/6 Barrel,69
7/20/2021,Draft Wiseacre Tiny Bomb Pilsner,Keg,Advintage,69,1/6 Barrel,119
7/6/2021,Draft Wiseacre Tiny Bomb Pilsner,Keg,Advintage,69,1/6 Barrel,69
4/27/2021,Draft Wiseacre Tiny Bomb Pilsner,Keg,Advintage,69,1/6 Barrel,119
11/30/2021,Draft Wiseacre Tiny Bomb Pilsner,Keg,Advintage,69,1/6 Barrel,69
8/31/2021,Draft Wiseacre Tiny Bomb Pilsner,Keg,Advintage,69,1/6 Barrel,119
3/12/2021,Draft Yazoo Calla Hazy,Keg,Lowcountry,69,1/6 Barrel,99
3/19/2021,Draft Yazoo Calla IPA,Keg,Lowcountry,59,1/6 Barrel,89
5/21/2021,Draft Yazoo Daddy O Pilsner,Keg,Lowcountry,69,1/6 Barrel*2,138
3/19/2021,Draft Yazoo Dos Perros Brown Ale,Keg,Lowcountry,69,1/6 Barrel,99
3/12/2021,Draft Yazoo Lake Dog Lager,Keg,Lowcountry,69,1/6 Barrel,99
12/28/2020,Brut,Wine,Breakthru,24,1,48
12/8/2020,Brut,Wine,Breakthru,24,2,48
1/12/2021,Brut,Wine,Breakthru,24,2,48
1/5/2021,Brut,Wine,Breakthru,24,4,96
12/22/2020,Brut,Wine,Breakthru,24,4,96
1/19/2021,Brut,Wine,Breakthru,24,7,168
6/1/2021,Brut,Wine,Breakthru,21,10,210
3/23/2021,Brut,Wine,Breakthru,21,15,315
7/27/2021,Brut,Wine,Breakthru,21,30,630
5/18/2021,Brut,Wine,Breakthru,21,50,1050
3/16/2021,Brut,Wine,Breakthru,21,20,420
2/2/2021,Brut,Wine,Breakthru,21,34,714
3/28/2021,Edmund's Seasonal,Can/Bottle,Advintage,69,1,69
9/21/2021,Edmund's Seasonal,Can/Bottle,Advintage,69,1,69
10/5/2021,Edmund's Seasonal,Can/Bottle,Advintage,69,1,69
11/23/2021,Edmund's Seasonal,Can/Bottle,Advintage,69,1,69
8/10/2021,Edmund's Seasonal,Can/Bottle,Advintage,69,1,69
8/1/2021,Edmund's Seasonal,Can/Bottle,Advintage,69,1,69
2/9/2021,Edmund's Seasonal,Can/Bottle,Advintage,69,1,69
1/26/2021,Edmund's Seasonal,Can/Bottle,Advintage,63,1,63
1/5/2021,Edmund's Seasonal,Can/Bottle,Advintage,63,1,63
1/19/2021,Edmund's Seasonal,Can/Bottle,Advintage,63,1,63
3/16/2021,Edmund's Seasonal,Can/Bottle,Advintage,69,1,69
4/13/2021,Edmund's Seasonal,Can/Bottle,Advintage,69,1,69
6/22/2021,Edmund's Seasonal,Can/Bottle,Advintage,69,1,69
4/27/2021,Edmund's Seasonal,Can/Bottle,Advintage,55,1,55
8/24/2021,Edmund's Seasonal,Can/Bottle,Advintage,69,1,69
11/16/2021,Edmund's Seasonal,Can/Bottle,Advintage,69,1,69
2/2/2021,Edmund's Seasonal,Can/Bottle,Advintage,69,2,138
5/18/2021,Edmund's Seasonal,Can/Bottle,Advintage,69,2,138
11/2/2021,Edmund's Sour Apple,Can/Bottle,Advintage,69,1,69
9/24/2021,El Jimador Reposado,Liquor,Tony's,19.99,1,19.99
12/4/2020,El Jimador Reposado,Liquor,Tony's,19.99,1,19.99
12/18/2020,El Jimador Reposado,Liquor,Tony's,19.99,1,19.99
2/1/2021,El Jimador Reposado,Liquor,Tony's,19.99,1,19.99
2/3/2021,El Jimador Reposado,Liquor,Tony's,19.99,1,19.99
3/19/2021,El Jimador Reposado,Liquor,Tony's,19.99,1,19.99
4/26/2021,El Jimador Reposado,Liquor,Tony's,19.99,1,19.99
6/19/2021,El Jimador Reposado,Liquor,Tony's,19.99,2,39.98
1/4/2021,El Jimador Reposado,Liquor,Tony's,19.99,2,39.98
1/18/2021,El Jimador Reposado,Liquor,Tony's,19.99,2,39.98
3/1/2021,El Jimador Reposado,Liquor,Tony's,19.99,2,39.98
3/13/2021,El Jimador Reposado,Liquor,Tony's,19.99,2,39.98
3/15/2021,El Jimador Reposado,Liquor,Tony's,19.99,2,39.98
2/22/2021,El Jimador Reposado,Liquor,Tony's,19.99,2,39.98
5/24/2021,El Jimador Reposado,Liquor,Tony's,19.99,2,39.98
6/14/2021,El Jimador Reposado,Liquor,Tony's,19.99,2,39.98
6/26/2021,El Jimador Reposado,Liquor,Tony's,19.99,2,39.98
4/3/2021,El Jimador Reposado,Liquor,Tony's,19.99,2,39.98
5/1/2021,El Jimador Reposado,Liquor,Tony's,19.99,2,39.98
5/17/2021,El Jimador Reposado,Liquor,Tony's,19.99,3,59.97
3/8/2021,El Jimador Reposado,Liquor,Tony's,19.99,3,19.99
12/8/2020,El Jimador Reposado,Liquor,Tony's,19.99,3,59.97
12/11/2020,El Jimador Reposado,Liquor,Tony's,19.99,3,59.97
12/14/2020,El Jimador Reposado,Liquor,Tony's,19.99,3,59.97
2/17/2021,El Jimador Reposado,Liquor,Tony's,19.99,3,59.97
3/22/2021,El Jimador Reposado,Liquor,Tony's,19.99,3,59.97
4/19/2021,El Jimador Reposado,Liquor,Tony's,19.99,3,59.97
4/5/2021,El Jimador Reposado,Liquor,Tony's,19.99,3,59.97
3/29/2021,El Jimador Reposado,Liquor,Tony's,19.99,4,79.96
1/27/2021,El Jimador Reposado,Liquor,Tony's,19.99,4,79.96
3/3/2021,El Jimador Reposado,Liquor,Tony's,19.99,4,79.96
9/11/2021,Espolon,Liquor,Tony's,29.1,1,29.1
6/19/2021,Espolon,Liquor,Tony's,28.3,1,28.3
4/3/2021,Espolon,Liquor,Tony's,28.3,1,28.3
4/5/2021,Espolon,Liquor,Tony's,28.3,1,28.3
4/26/2021,Espolon,Liquor,Tony's,28.3,1,28.3
5/1/2021,Espolon,Liquor,Tony's,28.3,1,28.3
4/19/2021,Espolon,Liquor,Tony's,28.3,1,28.3
5/24/2021,Espolon,Liquor,Tony's,28.3,1,28.3
6/14/2021,Espolon,Liquor,Tony's,28.3,1,28.3
6/26/2021,Espolon,Liquor,Tony's,29.1,1,29.1
1/22/2021,Espolon,Liquor,Tony's,28.3,1,28.3
2/1/2021,Espolon,Liquor,Tony's,28.3,1,28.3
3/6/2021,Espolon,Liquor,Tony's,28.3,1,28.3
3/13/2021,Espolon,Liquor,Tony's,28.3,1,28.3
3/15/2021,Espolon,Liquor,Tony's,28.3,1,28.3
3/19/2021,Espolon,Liquor,Tony's,28.3,1,28.3
3/22/2021,Espolon,Liquor,Tony's,28.3,1,28.3
2/22/2021,Espolon,Liquor,Tony's,28.3,1,28.3
5/17/2021,Espolon,Liquor,Tony's,28.3,1,28.3
4/12/2021,Espolon,Liquor,Tony's,28.3,2,56.6
12/11/2020,Espolon,Liquor,Tony's,28.3,2,56.6
2/17/2021,Espolon,Liquor,Tony's,28.3,2,56.6
3/1/2021,Espolon,Liquor,Tony's,28.3,2,56.6
2/22/2021,Fernet Branca,Liquor,Tony's,25.99,0.75,25.99
12/21/2020,Fernet Branca,Liquor,Tony's,25.99,1,25.99
1/27/2021,Fernet Branca,Liquor,Tony's,25.99,1,25.99
3/15/2021,Fernet Branca,Liquor,Tony's,25.99,1,25.99
4/5/2021,Fernet Branca,Liquor,Tony's,25.99,1,25.99
,Fernet Branca,Liquor,Tony's,26.99,1,26.99
10/5/2021,Finest Call Grenadine,Mixer,Tony's,4.19,3,4.19
4/19/2021,Finest Call Lime Juice,Liquor,Tony's,4.19,1,4.19
1/22/2021,Finest Call Lime Juice,Mixer,Tony's,4.19,1,4.19
1/4/2021,Frangelico,Liquor,Tony's,23.99,1,23.99
9/11/2021,George Dickel,Liquor,Tony's,20.99,12,251.88
12/11/2020,George Dickel,Liquor,Tony's,20.99,1,20.99
3/22/2021,George Dickel,Liquor,Tony's,20.99,1,20.99
4/26/2021,George Dickel,Liquor,Tony's,20.99,2,41.98
5/17/2021,George Dickel,Liquor,Tony's,20.99,2,41.98
1/4/2021,George Dickel,Liquor,Tony's,20.99,2,41.98
1/22/2021,George Dickel,Liquor,Tony's,20.99,2,41.98
3/13/2021,George Dickel,Liquor,Tony's,20.99,2,41.98
4/3/2021,George Dickel,Liquor,Tony's,20.99,2,41.98
4/5/2021,George Dickel,Liquor,Tony's,20.99,2,41.98
5/24/2021,George Dickel,Liquor,Tony's,20.99,3,62.97
12/4/2020,George Dickel,Liquor,Tony's,20.99,3,62.97
12/8/2020,George Dickel,Liquor,Tony's,20.99,3,62.97
1/18/2021,George Dickel,Liquor,Tony's,20.99,3,62.97
3/3/2021,George Dickel,Liquor,Tony's,20.99,3,62.97
3/19/2021,George Dickel,Liquor,Tony's,20.99,3,62.97
4/19/2021,George Dickel,Liquor,Tony's,20.99,3,62.97
1/27/2021,George Dickel,Liquor,Tony's,20.99,4,83.96
3/6/2021,George Dickel,Liquor,Tony's,20.99,4,83.96
2/17/2021,George Dickel,Liquor,Tony's,20.99,4,83.96
3/8/2021,George Dickel,Liquor,Tony's,20.99,4,83.96
3/15/2021,George Dickel,Liquor,Tony's,20.99,4,83.96
5/4/2021,George Dickel,Liquor,Tony's,20.99,5,104.95
4/12/2021,George Dickel,Liquor,Tony's,20.99,5,104.95
12/18/2020,George Dickel,Liquor,Tony's,20.99,7,146.93
2/22/2021,George Dickel,Liquor,Tony's,20.99,7,146.93
6/14/2021,George Dickel,Liquor,Tony's,20.99,12,251.88
3/29/2021,George Dickel,Liquor,Tony's,20.99,7,146.93
3/22/2021,George Dickel Rye,Liquor,Tony's,25.99,1,25.99
6/19/2021,George Dickel Rye,Liquor,Tony's,25.99,1,25.99
12/4/2020,George Dickel Rye,Liquor,Tony's,25.99,1,25.99
12/18/2020,George Dickel Rye,Liquor,Tony's,25.99,1,25.99
2/17/2021,George Dickel Rye,Liquor,Tony's,25.99,1,25.99
4/5/2021,George Dickel Rye,Liquor,Tony's,25.99,1,25.99
2/22/2021,George Dickel Rye,Liquor,Tony's,25.99,1,25.99
5/17/2021,George Dickel Rye,Liquor,Tony's,25.99,1,25.99
2/1/2021,George Dickel,Liquor,Tony's,20.99,3,62.97
11/9/2021,Garnacha,Wine,Advintage,5.99,12,71.88
12/26/2020,Glenfiddich 12yr,Liquor,Tony's,38.99,1,38.99
1/27/2021,Glenlivet Single,Liquor,Tony's,49.99,1,49.99
3/6/2021,Glenlivet Single,Liquor,Tony's,49.99,1,49.99
1/19/2021,Good Times Carolina Sunrise,Can/Bottle,Carolina,31.98,1,31.98
3/16/2021,Good Times No Sleep Til Brewklyn,Can/Bottle,Carolina,47.95,1,47.95
10/6/2021,Good Times The Wilds IPA,Can/Bottle,Carolina,31.98,1,31.98
10/12/2021,Good Times The Wilds IPA,Can/Bottle,Carolina,31.98,2,31.98
9/11/2021,Gordon's Gin,Liquor,Tony's,10.99,1,10.99
9/24/2021,Gordon's Gin,Liquor,Tony's,10.99,1,10.99
9/9/2021,Gordon's Gin,Liquor,Tony's,10.99,2,21.98
12/11/2020,Gordon's Gin,Liquor,Tony's,10.99,1,10.99
1/18/2021,Gordon's Gin,Liquor,Tony's,10.99,1,10.99
1/22/2021,Gordon's Gin,Liquor,Tony's,10.99,1,10.99
1/27/2021,Gordon's Gin,Liquor,Tony's,10.99,1,10.99
2/1/2021,Gordon's Gin,Liquor,Tony's,10.99,1,10.99
2/3/2021,Gordon's Gin,Liquor,Tony's,10.99,1,10.99
3/13/2021,Gordon's Gin,Liquor,Tony's,10.99,1,10.99
3/19/2021,Gordon's Gin,Liquor,Tony's,10.99,1,10.99
3/22/2021,Gordon's Gin,Liquor,Tony's,10.99,1,10.99
4/12/2021,Gordon's Gin,Liquor,Tony's,10.99,1,10.99
4/19/2021,Gordon's Gin,Liquor,Tony's,10.99,1,10.99
12/18/2020,Gordon's Gin,Liquor,Tony's,10.99,2,21.98
12/21/2020,Gordon's Gin,Liquor,Tony's,10.99,2,21.98
5/4/2021,Gordon's Gin,Liquor,Tony's,10.99,2,21.98
5/24/2021,Gordon's Gin,Liquor,Tony's,10.99,2,21.98
2/17/2021,Gordon's Gin,Liquor,Tony's,10.99,3,32.97
5/17/2021,Gordon's Gin,Liquor,Tony's,10.99,3,32.97
3/3/2021,Gordon's Gin,Liquor,Tony's,10.99,4,43.96
3/29/2021,Gordon's Gin,Liquor,Tony's,10.99,1,10.99
12/14/2020,Grand Marnier,Liquor,Tony's,38.79,1,38.79
3/11/2021,Grand Marnier,Liquor,Tony's,38.79,1,38.79
11/9/2021,Great Divide Claymore Scotch Ale,Can/Bottle,Advintage,39,1,39
12/30/2021,Guiness,Can/Bottle,Southern,30.36,1,30.36
11/24/2021,Guiness,Can/Bottle,Southern,35.97,1,35.97
9/10/2021,Guiness,Can/Bottle,Southern,40.74,1,40.74
12/9/2021,Guiness,Can/Bottle,Southern,35.97,2,71.94
9/30/2021,Guiness ,Can/Bottle,Southern,35.97,1,35.97
10/14/2021,Guiness ,Can/Bottle,Southern,35.97,1,35.97
2/4/2021,Guiness ,Can/Bottle,Southern,40.74,1,40.74
3/25/2021,Guiness ,Can/Bottle,Southern,35.97,2,71.94
2/25/2021,Guiness ,Can/Bottle,Southern,40.74,2,81.48
3/11/2021,Guiness ,Can/Bottle,Southern,40.74,4,162.96
5/18/2021,Chardonnay,Wine,Breakthru,107.88,1,107.88
6/22/2021,Chardonnay,Wine,Breakthru,107.88,1,107.88
3/16/2021,Chardonnay,Wine,Breakthru,107.88,1,107.88
9/11/2021,Hendrick's Gin,Liquor,Tony's,34.59,1,34.59
12/4/2020,Hendrick's Gin,Liquor,Tony's,34.59,1,34.59
1/27/2021,Hendrick's Gin,Liquor,Tony's,34.59,1,34.59
3/11/2021,Hendrick's Gin,Liquor,Tony's,34.59,1,34.59
12/21/2020,Herradura Reposado,Liquor,Tony's,34.79,3,104.37
1/26/2021,Highland Oatmeal Porter,Can/Bottle,Greenco,31.98,1,31.98
1/27/2021,Hoodoo Chickory Liqueur,Liquor,Tony's,31.99,1,31.99
3/15/2021,Hoodoo Chickory Liqueur,Liquor,Tony's,31.99,1,31.99
4/19/2021,Hoodoo Chickory Liqueur,Liquor,Tony's,31.99,1,31.99
10/12/2021,Hornitos Black,Liquor,Tony's,27.89,1,27.89
10/14/2021,Hornitos Blanco,Liquor,Tony's,17.89,1,17.89
9/9/2021,Jack Daniel's,Liquor,Tony's,28.19,1,28.19
6/14/2021,Jack Daniel's,Liquor,Tony's,28.19,1,28.19
3/8/2021,Jack Daniel's,Liquor,Tony's,28.19,1,28.19
3/11/2021,Jack Daniel's,Liquor,Tony's,28.19,1,28.19
3/22/2021,Jack Daniel's,Liquor,Tony's,28.19,1,28.19
4/26/2021,Jack Daniel's,Liquor,Tony's,28.19,1,28.19
2/22/2021,Jack Daniel's,Liquor,Tony's,28.19,1,28.19
5/17/2021,Jack Daniel's,Liquor,Tony's,28.19,1,28.19
4/5/2021,Jack Daniel's,Liquor,Tony's,28.19,2,56.38
3/29/2021,Jack Daniel's,Liquor,Tony's,28.19,1,28.19
12/11/2020,Jack Daniel's Black,Liquor,Tony's,28.19,1,28.19
1/18/2021,Jack Daniel's Black,Liquor,Tony's,28.19,1,28.19
9/4/2021,Jack Daniel's SINGLE,Liquor,Tony's,47.99,1,47.99
12/4/2020,Jameson,Liquor,Tony's,29.09,1,29.09
1/27/2021,Jameson,Liquor,Tony's,29.09,1,29.09
12/8/2020,Jameson,Liquor,Tony's,29.09,2,58.18
12/14/2020,Jameson,Liquor,Tony's,29.09,2,58.18
1/4/2021,Jameson,Liquor,Tony's,29.09,2,58.18
2/1/2021,Jameson,Liquor,Tony's,29.09,2,58.18
2/17/2021,Jameson,Liquor,Tony's,29.09,2,58.18
1/18/2021,Jameson,Liquor,Tony's,29.09,3,87.27
1/22/2021,Jameson,Liquor,Tony's,29.09,3,87.27
3/6/2021,Jameson,Liquor,Tony's,29.09,4,116.36
2/22/2021,Jameson,Liquor,Tony's,29.09,4,116.36
2/3/2021,Jameson,Liquor,Tony's,29.09,1,29.09
3/11/2021,Jameson,Liquor,Tony's,29.09,1,29.09
4/19/2021,Jameson,Liquor,Tony's,29.09,1,29.09
4/26/2021,Jameson,Liquor,Tony's,29.09,1,29.09
4/5/2021,Jameson,Liquor,Tony's,29.09,2,58.18
4/12/2021,Jameson,Liquor,Tony's,29.09,2,58.18
3/1/2021,Jameson,Liquor,Tony's,29.09,2,58.18
3/15/2021,Jameson,Liquor,Tony's,29.09,3,87.27
4/3/2021,Jameson,Liquor,Tony's,29.09,3,87.27
5/24/2021,Jameson,Liquor,Tony's,29.09,4,116.36
3/16/2021,Jameson,Liquor,Tony's,29.09,12,349.08
3/1/2021,Jameson Black Barrel,Liquor,Tony's,38.79,1,38.79
3/15/2021,Jameson Black Barrel,Liquor,Tony's,38.79,1,38.79
3/16/2021,Jameson Black Barrel,Liquor,Tony's,38.79,4,155.16
3/11/2021,Jameson Caskmates IPA,Liquor,Tony's,32.99,1,32.99
3/15/2021,Jameson Caskmates IPA,Liquor,Tony's,32.99,1,32.99
3/16/2021,Jameson Caskmates IPA,Liquor,Tony's,32.99,4,131.96
3/1/2021,Jameson Cold Brew,Liquor,Tony's,21.99,1,21.99
3/16/2021,Jameson Stout,Liquor,Tony's,32.99,4,131.96
1/2/2021,Jeremiah Weed,Liquor,Tony's,19.99,2,39.98
10/28/2021,Jim Beam Apple,Liquor,Tony's,16.9,1,16.9
10/28/2021,Jim Beam Orange,Liquor,Tony's,16.9,1,16.9
9/9/2021,Jimador Repo,Liquor,Tony's,19.99,1,19.99
9/9/2021,Jimador Silver,Liquor,Tony's,19.99,4,79.96
3/3/2021,Johnnie Walker Black,Liquor,Tony's,42.99,1,42.99
3/22/2021,Johnnie WAlker Black,Liquor,Tony's,42.99,1,42.99
4/19/2021,Johnnie Walker Black,Liquor,Tony's,42.99,1,42.99
12/10/2021,Johnny Walker Rye,Liquor,Tony's,36.99,1,36.99
4/3/2021,JUarez Triple SE,Liquor,Tony's,4.5,1,4.5
2/22/2021,Kahlua,Liquor,Tony's,22.99,1,22.99
4/3/2021,Ketel One,Liquor,Tony's,25.49,1,25.49
9/24/2021,Ketel One Botanicals,Liquor,Tony's,25.49,1,25.49
3/11/2021,Ketel One Botanicals,Liquor,Tony's,25.49,1,25.49
6/19/2021,Ketel One Botanicals,Liquor,Tony's,25.49,1,25.49
6/26/2021,Ketel One Botanicals,Liquor,Tony's,25.49,1,25.49
5/24/2021,Ketel One Botanicals,Liquor,Tony's,25.49,1,25.49
2/1/2021,Ketel One Botanicals,Liquor,Tony's,25.49,1,25.49
9/11/2021,Ketel One Grapefruit,Liquor,Tony's,25.49,1,25.49
9/4/2021,Ketel One Grapefruit,Liquor,Tony's,25.49,1,25.49
4/3/2021,Ketel One Grapefruit,Liquor,Tony's,25.49,1,25.49
4/5/2021,Ketel One Grapefruit,Liquor,Tony's,25.49,1,25.49
4/12/2021,Ketel One Grapefruit,Liquor,Tony's,25.49,1,25.49
4/26/2021,Ketel One Grapefruit,Liquor,Tony's,25.49,1,25.49
4/19/2021,Ketel One Grapefruit,Liquor,Tony's,25.49,1,25.49
5/17/2021,Ketel one Grapefruit,Liquor,Tony's,25.49,1,25.49
5/24/2021,Ketel One Grapefruit,Liquor,Tony's,25.49,2,50.98
12/8/2020,Ketel One Grapefruit & Rose,Liquor,Tony's,25.49,1,25.49
2/1/2021,Ketel One Grapefruit & Rose,Liquor,Tony's,25.49,1,25.49
3/6/2021,Ketel One Grapefruit & Rose,Liquor,Tony's,25.49,1,25.49
3/15/2021,Ketel One Grapefruit & Rose,Liquor,Tony's,25.49,1,25.49
2/22/2021,Ketel One Grapefruit & Rose,Liquor,Tony's,25.49,1,25.49
1/18/2021,Ketel One Grapefruit & Rose,Liquor,Tony's,25.49,2,50.98
3/29/2021,Ketel One Grapefruit & Rose,Liquor,Tony's,25.49,1,25.49
1/27/2021,Ketel One Vodka,Liquor,Tony's,25.49,1,25.49
1/2/2021,Knob Creek Bourbon,Liquor,Tony's,26.99,1,26.99
2/3/2021,Knob Creek Bourbon,Liquor,Tony's,26.99,1,26.99
3/11/2021,Knob Creek Bourbon,Liquor,Tony's,26.99,1,26.99
9/28/2021,Rose,Wine,Advintage,66,1,66
8/10/2021,Rose,Wine,Advintage,5.5,12,66
12/7/2021,Rose,Wine,Advintage,5.5,12,66
9/24/2021,Lagavulin 16,Liquor,Tony's,80.99,1,80.99
3/6/2021,Lagavulin 16,Liquor,Tony's,80.99,1,80.99
11/9/2021,Lagunitas Hazy Wonder ,Can/Bottle,Greenco,33.58,1,33.58
6/8/2021,Langer's Cranberry Juice,Mixer,KW,18,1,18
7/27/2021,Langer's Cranberry Juice,Mixer,KW,18.5,1,18.5
8/17/2021,Langer's Cranberry Juice,Mixer,KW,18.5,1,18.5
5/25/2021,Langer's Cranberry Juice,Mixer,KW,20,1,20
12/28/2021,Langer's Cranberry Juice,Mixer,KW,18.5,3,55.5
8/17/2021,Langer's Orange Juice,Mixer,KW,18.5,1,18.5
4/27/2021,Langer's Orange Juice,Mixer,KW,18,2,36
7/27/2021,Langer's Orange Juice,Mixer,KW,18.5,2,37
6/8/2021,Langer's Orange Juice,Mixer,KW,18,3,54
5/18/2021,Langer's Orange Juice,Mixer,KW,18,3,54
4/27/2021,Langer's Pineapple Juice,Mixer,KW,18,1,18
8/17/2021,Langer's Pineapple Juice,Mixer,KW,18.5,1,18.5
6/8/2021,Langer's Pineapple Juice,Mixer,KW,18,2,36
9/21/2021,Langer's Pineapple Juice,Mixer,KW,20.5,1,20.5
10/12/2021,Langer's Pineapple Juice,Mixer,KW,18.5,3,55.5
11/9/2021,Langer's Pineapple Juice,Mixer,KW,18.5,3,55.5
3/30/2021,Langley Pineapple,Mixer,KW,20,1,20
1/2/2021,Larceny,Liquor,Tony's,24.79,1,24.79
3/3/2021,Larceny,Liquor,Tony's,24.79,1,24.79
1/22/2021,Lillet White,Liquor,Tony's,19.99,1,19.99
4/27/2021,Brut,Wine,Breakthru,21,15,315
4/13/2021,Lng Orange Juice,Mixer,KW,20,1,20
1/29/2022,Lucid Absinthe,Liquor,Tony's,54.29,750,54.29
9/29/2021,LUNAZUL SILVER,Liquor,Tony's,17.99,2,35.98
8/24/2021,Luxuardo,Liquor,Tony's,28.99,1,28.99
9/24/2021,Maker's Mark,Liquor,Tony's,28.49,1,28.49
6/29/2021,Magners Cider,Can/Bottle,KW,31.98,1,31.98
8/10/2021,Magners Cider,Can/Bottle,KW,31.98,1,31.98
4/20/2021,Magners Cider,Can/Bottle,KW,31.98,1,31.98
8/31/2021,Magners Cider,Can/Bottle,KW,31.98,1,31.98
8/24/2021,Magners Cider,Can/Bottle,KW,31.98,1,31.98
12/8/2020,Magners Cider,Can/Bottle,KW,31.98,1,31.98
1/12/2021,Magners Cider,Can/Bottle,KW,31.98,1,31.98
11/2/2021,Magners Cider,Can/Bottle,KW,31.98,1,31.98
9/29/2021,Magners Cider,Can/Bottle,KW,31.98,1,31.98
11/30/2021,Magners Cider,Can/Bottle,KW,31.98,1,31.98
2/2/2021,Magners Cider,Can/Bottle,KW,31.98,1,31.98
3/10/2021,Magners Cider,Can/Bottle,KW,31.98,1,31.98
3/23/2021,Magners Cider,Can/Bottle,KW,31.98,1,31.98
9/9/2021,Maker's Mark,Liquor,Tony's,28.49,1,28.49
6/26/2021,Maker's Mark,Liquor,Tony's,28.49,1,28.49
1/2/2021,Maker's Mark,Liquor,Tony's,28.49,1,28.49
1/22/2021,Maker's Mark,Liquor,Tony's,28.49,1,28.49
1/27/2021,Maker's Mark,Liquor,Tony's,28.49,1,28.49
3/1/2021,Maker's Mark,Liquor,Tony's,28.49,1,28.49
3/8/2021,Maker's Mark,Liquor,Tony's,28.49,1,28.49
3/13/2021,Maker's Mark,Liquor,Tony's,28.49,1,28.49
3/22/2021,Maker's Mark,Liquor,Tony's,28.49,1,28.49
4/5/2021,Maker's Mark,Liquor,Tony's,28.49,1,28.49
4/12/2021,Maker's Mark,Liquor,Tony's,28.49,1,28.49
2/22/2021,Maker's Mark,Liquor,Tony's,28.49,1,28.49
3/13/2021,Maker's Mark 101,Liquor,Tony's,36.99,1,36.99
3/11/2021,Maker's Mark 101,Liquor,Tony's,99.99,1,99.99
9/9/2021,Malfy Lemon Gin,Liquor,Tony's,24.99,1,24.99
9/24/2021,Malfy Lemon Gin,Liquor,Tony's,24.99,1,24.99
9/4/2021,Malfy Lemon Gin,Liquor,Tony's,24.99,1,24.99
9/11/2021,Malfy Lemon Gin,Liquor,Tony's,24.99,2,49.98
6/19/2021,Malfy Lemon Gin,Liquor,Tony's,24.99,1,24.99
12/21/2020,Malfy Lemon Gin,Liquor,Tony's,24.99,1,24.99
2/1/2021,Malfy Lemon Gin,Liquor,Tony's,24.99,1,24.99
3/1/2021,Malfy Lemon Gin,Liquor,Tony's,24.99,1,24.99
3/8/2021,Malfy Lemon Gin,Liquor,Tony's,24.99,1,24.99
3/16/2021,Malfy Lemon Gin,Liquor,Tony's,24.99,1,24.99
4/5/2021,Malfy Lemon Gin,Liquor,Tony's,24.99,1,24.99
5/1/2021,Malfy Lemon Gin,Liquor,Tony's,24.99,1,24.99
4/19/2021,Malfy Lemon Gin,Liquor,Tony's,24.99,1,24.99
5/17/2021,Malfy Lemon Gin,Liquor,Tony's,24.99,1,24.99
5/24/2021,Malfy Lemon Gin,Liquor,Tony's,24.99,1,24.99
3/16/2021,Malibu Watermelon Rum,Liquor,Southern,16.8,1,16.8
1/19/2021,Cabernet,Wine,Breakthru,6.25,1,75
3/23/2021,Cabernet,Wine,Breakthru,75,1,75
5/4/2021,Cabernet,Wine,Breakthru,75,1,75
5/11/2021,Cabernet,Wine,Breakthru,75,1,75
6/22/2021,Cabernet,Wine,Breakthru,75,1,75
3/2/2021,Cabernet,Wine,Breakthru,75,1,75
5/11/2021,Marq Caceres Albarino,Wine,Breakthru,131.88,1,131.88
3/29/2021,Martini & Rossi Vermouth Dry,Liquor,,8.79,1,8.79
3/29/2021,Martini & Rossi Vermouth Sweet,Liquor,,8.79,1,8.79
12/14/2020,Mata Hari Absinthe,Liquor,Tony's,35.99,1,35.99
10/12/2021,Sauvignon Blanc,Wine,Breakthru,96,1,96
10/20/2021,Malbec,Wine,Advintage,95.88,1,95.88
11/30/2021,Malbec,Wine,Advintage,7.99,12,95.88
1/25/2022,Malbec,Wine,Advintage,7.99,12,95.88
12/23/2020,Mexican Coke Bottles,Mixer,Coca Cola,22.5,2,45
12/16/2021,Mezcal Union,Liquor,Tony's,28.99,1,28.99
12/15/2020,Miller Lite,Can/Bottle,Greenco,23.97,1,23.97
12/22/2020,Miller Lite,Can/Bottle,Greenco,23.97,1,23.97
12/29/2020,Miller Lite,Can/Bottle,Greenco,23.97,1,23.97
9/21/2021,Miller Lite,Can/Bottle,Greenco,23.97,1,23.97
7/20/2021,Miller Lite,Can/Bottle,Greenco,20.06,1,20.06
12/7/2021,Miller Lite,Can/Bottle,Greenco,15.61,2,31.22
12/22/2021,Miller Lite,Can/Bottle,Greenco,15.61,2,31.22
5/4/2021,Miller Lite,Can/Bottle,Greenco,19.63,2,39.26
4/14/2021,Miller Lite,Can/Bottle,Greenco,19.63,2,39.26
1/5/2021,Miller Lite,Can/Bottle,Greenco,23.97,2,47.94
1/19/2021,Miller Lite,Can/Bottle,Greenco,23.97,2,47.94
1/26/2021,Miller Lite,Can/Bottle,Greenco,23.97,2,47.94
2/2/2021,Miller Lite,Can/Bottle,Greenco,23.97,2,47.94
3/2/2021,Miller Lite,Can/Bottle,Greenco,23.97,2,47.94
3/10/2021,Miller Lite,Can/Bottle,Greenco,23.97,2,47.94
3/16/2021,Miller Lite,Can/Bottle,Greenco,23.97,2,47.94
3/23/2021,Miller Lite,Can/Bottle,Greenco,23.97,2,47.94
3/30/2021,Miller Lite,Can/Bottle,Greenco,23.97,2,47.94
4/6/2021,Miller Lite,Can/Bottle,Greenco,23.97,2,47.94
4/27/2021,Miller Lite,Can/Bottle,Greenco,23.97,2,47.94
5/18/2021,Miller Lite,Can/Bottle,Greenco,20.06,2,40.12
5/11/2021,Miller Lite,Can/Bottle,Greenco,23.97,3,71.91
6/15/2021,Miller Lite,Can/Bottle,Greenco,20.06,3,60.18
7/27/2021,Miller Lite,Can/Bottle,Greenco,20.06,3,60.18
8/24/2021,Miller Lite,Can/Bottle,Greenco,20.06,3,60.18
8/31/2021,Miller Lite,Can/Bottle,Greenco,20.06,3,60.18
11/16/2021,Miller Lite,Can/Bottle,Greenco,13.38,4,53.52
6/29/2021,Miller Lite,Can/Bottle,Greenco,20.06,4,80.24
5/25/2021,Miller Lite,Can/Bottle,Greenco,20.06,4,80.24
6/8/2021,Miller Lite,Can/Bottle,Greenco,20.06,4,80.24
7/6/2021,Miller Lite,Can/Bottle,Greenco,20.06,4,80.24
7/13/2021,Miller Lite,Can/Bottle,Greenco,20.06,4,80.24
8/1/2021,Miller Lite,Can/Bottle,Greenco,20.06,4,80.24
11/9/2021,Miller Lite,Can/Bottle,Greenco,13.38,5,66.9
11/23/2021,Miller Lite,Can/Bottle,Greenco,13.38,5,66.9
6/1/2021,Miller Lite,Can/Bottle,Greenco,20.06,5,100.3
8/10/2021,Miller Lite,Can/Bottle,Greenco,20.06,5,100.3
10/5/2021,Miller Lite,Can/Bottle,Reyes,21.35,5,106.75
10/12/2021,Miller Lite,Can/Bottle,Reyes,21.35,10,213.5
3/29/2021,Monkey Shoulder,Liquor,Tony's,29.99,1,29.99
1/28/2022,Montelobos Mezcal,Liquor,Tony's,33.99,1,33.99
9/4/2021,Mr Boston Butterscotch,Liquor,Tony's,5.99,1,5.99
9/4/2021,Mr Boston Peach,Liquor,Tony's,5.99,1,5.99
1/19/2021,Pinot Noir,Wine,Breakthru,7.5,1,90
4/13/2021,Pinot Noir,Wine,Breakthru,90,1,90
5/18/2021,Pinot Noir,Wine,Breakthru,90,1,90
6/22/2021,Pinot Noir,Wine,Breakthru,90,1,90
9/28/2021,Pinot Noir,Wine,Breakthru,90,1,90
8/1/2021,Pinot Noir,Wine,Breakthru,90,2,180
10/12/2021,Pinot Noir,Wine,Breakthru,90,2,180
6/8/2021,Pinot Noir,Wine,Breakthru,90,1,90
3/10/2021,Pinot Noir,Wine,Breakthru,90,1,90
4/14/2021,Nehi Grape,Mixer,Greenco,21.5,1,21.5
7/6/2021,Nehi Grape,Mixer,Greenco,21.5,1,21.5
2/16/2021,Nehi Grape,Mixer,Greenco,20.5,1,20.5
4/6/2021,Nehi Orange ,Mixer,Greenco,21.5,1,21.5
5/11/2021,Nehi Orange ,Mixer,Greenco,21.5,1,21.5
8/31/2021,Nehi Orange ,Mixer,Greenco,21.5,1,21.5
1/26/2021,Nehi Orange ,Mixer,Greenco,20.5,1,20.5
6/22/2021,Nehi Orange ,Mixer,Greenco,21.5,1,21.5
6/14/2021,New Amsterdamn Gin,Liquor,Tony's,13.99,2,27.98
8/1/2021,New Belgium Fruit Smash Seltzer,Can/Bottle,KW,27.18,1,27.18
8/10/2021,New Belgium Fruit Smash Seltzer,Can/Bottle,KW,27.18,1,27.18
8/17/2021,New Belgium Fruit Smash Seltzer,Can/Bottle,KW,27.18,1,27.18
8/31/2021,New Belgium Fruit Smash Seltzer,Can/Bottle,KW,27.18,1,27.18
11/23/2021,New Belgium Fruit Smash Seltzer,Can/Bottle,KW,27.18,1,27.18
11/2/2021,New Belgium Fruit Smash Seltzer,Can/Bottle,KW,27.18,1,27.18
9/14/2021,New Belgium Fruit Smash Seltzer,Can/Bottle,KW,27.18,1,27.18
9/29/2021,New Belgium Fruit Smash Seltzer,Can/Bottle,KW,27.18,1,27.18
10/12/2021,New Belgium Fruit Smash Seltzer,Can/Bottle,KW,27.18,1,27.18
11/9/2021,New Belgium Fruit Smash Seltzer,Can/Bottle,KW,27.18,1,27.18
10/5/2021,New Belgium Fruit Smash Seltzer,Can/Bottle,KW,27.18,2,54.36
10/26/2021,New Belgium Fruit Smash Seltzer,Can/Bottle,KW,27.18,1,27.18
2/9/2021,New Sarum Blue Flower Purple Sour Power,Can/Bottle,Carolina,51.95,1,51.95
6/16/2021,New Sarum Grimes Hazy IPA,Can/Bottle,Carolina,35.18,1,35.18
5/12/2021,New Sarum Grimes Hazy IPA,Can/Bottle,Carolina,35.18,1,35.18
5/18/2021,New Sarum Grimes Hazy IPA,Can/Bottle,Carolina,35.18,1,35.18
1/19/2021,New Sarum Grimes Hazy IPA,Can/Bottle,Carolina,35.18,1,35.18
2/16/2021,New Sarum Grimes Hazy IPA,Can/Bottle,Carolina,35.18,1,35.18
3/10/2021,New Sarum Grimes Hazy IPA,Can/Bottle,Carolina,35.18,1,35.18
8/25/2021,New Sarum Princess peach IPA 16OZ,Can/Bottle,Carolina,51.95,1,51.95
8/11/2021,New Sarum Princess peach IPA 16OZ,Can/Bottle,Carolina,51.98,1,51.98
8/10/2021,Noda Coco Loco,Can/Bottle,Greenco,52.76,1,52.76
3/23/2021,Noda Coco Loco,Can/Bottle,Greenco,57.56,1,57.56
5/18/2021,Noda Coco Loco,Can/Bottle,Greenco,57.56,1,57.56
9/11/2021,Old Forrester 1910,Liquor,Tony's,46.99,1,46.99
9/11/2021,Old Forrester 1910,Liquor,Tony's,55.99,1,55.99
1/26/2021,Oskar Blues Dale's Pale Ale,Can/Bottle,Greenco,31.96,1,31.96
5/4/2021,Oskar Blues Dale's Pale Ale,Can/Bottle,Greenco,30.36,1,30.36
5/18/2021,Oskar Blues Dale's Pale Ale,Can/Bottle,Greenco,30.36,1,30.36
3/16/2021,Oskar Blues Dale's Pale Ale,Can/Bottle,Greenco,31.96,1,31.96
8/31/2021,Oskar Blues Dale's Pale Ale,Can/Bottle,Greenco,31.96,1,31.96
6/22/2021,Oskar Blues Dale's Pale Ale,Can/Bottle,Greenco,31.96,1,31.96
10/12/2021,Oskar Blues Dale's Pale Ale,Can/Bottle,Reyes,31.98,1,31.98
12/7/2021,Palmetto Espresso,Can/Bottle,KW,35.16,1,35.16
9/30/2021,Paulaner Oktoberfest w/ Mug  can 5pk,Can/Bottle,Southern,35,2,70
12/14/2020,Peach Schnapps,Liquor,Tony's,9.39,1,9.39
1/18/2021,Peach Schnapps,Mixer,Tony's,9.39,1,9.39
5/4/2021,Pilsner Urquell,Can/Bottle,Greenco,27.18,1,27.18
4/27/2021,Pilsner Urquell,Can/Bottle,Greenco,31.96,1,31.96
4/14/2021,Pilsner Urquell,Can/Bottle,Greenco,31.96,1,31.96
12/22/2020,Pilsner Urquell,Can/Bottle,Greenco,27.18,1,27.18
3/16/2021,Pilsner Urquell,Can/Bottle,Greenco,27.18,1,27.18
9/21/2021,Pilsner Urquell,Can/Bottle,Greenco,27.18,1,27.18
6/15/2021,Pilsner Urquell,Can/Bottle,Greenco,27.18,1,27.18
7/13/2021,Pilsner Urquell,Can/Bottle,Greenco,27.18,1,27.18
2/2/2021,Pilsner Urquell,Can/Bottle,Greenco,31.96,1,31.96
3/2/2021,Pilsner Urquell,Can/Bottle,Greenco,31.96,1,31.96
6/1/2021,Pilsner Urquell,Can/Bottle,Greenco,31.96,1,31.96
5/25/2021,Pilsner Urquell,Can/Bottle,Greenco,31.96,1,31.96
6/29/2021,Pilsner Urquell,Can/Bottle,Greenco,31.96,1,31.96
8/1/2021,Pilsner Urquell,Can/Bottle,Greenco,31.96,1,31.96
11/30/2021,Pilsner Urquell,Can/Bottle,Greenco,27.98,2,55.96
10/5/2021,Pilsner Urquell,Can/Bottle,Reyes,27.98,1,27.98
10/12/2021,Pilsner Urquell,Can/Bottle,Reyes,27.98,2,55.96
9/29/2021,Pimms No 1,Liquor,Tony's,23.99,1,23.99
8/24/2021,Sauvignon Blanc,Wine,Advintage,7.99,12,95.88
9/28/2021,Sauvignon Blanc,Wine,Advintage,95.88,1,95.88
1/5/2021,Red Stripe,Can/Bottle,Greenco,28.76,1,28.76
1/12/2021,Red Stripe,Can/Bottle,Greenco,28.76,1,28.76
2/16/2021,Red Stripe,Can/Bottle,Greenco,28.76,1,28.76
3/2/2021,Red Stripe,Can/Bottle,Greenco,28.76,1,28.76
3/30/2021,Red Stripe,Can/Bottle,Greenco,28.76,1,28.76
4/27/2021,Red Stripe,Can/Bottle,Greenco,28.76,1,28.76
5/4/2021,Red Stripe,Can/Bottle,Greenco,28.76,1,28.76
12/15/2020,Red Stripe,Can/Bottle,Greenco,28.76,1,28.76
7/13/2021,Red Stripe,Can/Bottle,Greenco,28.76,1,28.76
8/31/2021,Red Stripe,Can/Bottle,Greenco,28.76,1,28.76
11/9/2021,Red Stripe,Can/Bottle,Greenco,26.38,1,26.38
11/23/2021,Red Stripe,Can/Bottle,Greenco,26.38,1,26.38
9/14/2021,Red Stripe,Can/Bottle,Greenco,28.76,1,28.76
7/27/2021,Red Stripe,Can/Bottle,Greenco,25.58,2,51.16
3/16/2021,Red Stripe,Can/Bottle,Greenco,28.76,2,57.52
4/20/2021,Red Stripe,Can/Bottle,Greenco,28.76,2,57.52
5/11/2021,Red Stripe,Can/Bottle,Greenco,28.76,2,57.52
5/18/2021,Red Stripe,Can/Bottle,Greenco,28.76,2,57.52
6/8/2021,Red Stripe,Can/Bottle,Greenco,28.76,2,57.52
12/7/2021,Red Stripe,Can/Bottle,Greenco,30.38,2,60.76
10/5/2021,Red Stripe,Can/Bottle,Reyes,26.38,1,26.38
10/12/2021,Red Stripe,Can/Bottle,Reyes,26.38,2,52.76
6/22/2021,Revelry Mango Orange Seltzer,Can/Bottle,Advintage,44,1,44
2/17/2021,Rittenhouse Rye,Liquor,Tony's,24.99,1,24.99
3/15/2021,Rittenhouse Rye,Liquor,Tony's,24.99,1,24.99
1/18/2021,Rittenhouse Rye,Liquor,Tony's,24.99,1,24.99
5/17/2021,Royale Club Peach,Liquor,Tony's,5.19,2,10.38
5/25/2021,Cabernet,Wine,Breakthru,45,1,45
5/25/2021,Pinot Grigio,Wine,Breakthru,45,1,45
3/23/2021,Pinot Grigio,Wine,Breakthru,4.21,6,25.26
10/26/2021,SCANDINAVIAN BRUT,Wine,Breakthru,42,12,504
1/26/2021,Schweppes Club Soda,Mixer,Greenco,11,1,11
1/19/2021,Schweppes Club Soda,Mixer,Greenco,14.25,1,14.25
2/2/2021,Schweppes Club Soda,Mixer,Greenco,14.25,1,14.25
3/16/2021,Schweppes Club Soda,Mixer,Greenco,14.25,1,14.25
4/27/2021,Schweppes Club Soda,Mixer,Greenco,14.25,1,14.25
12/15/2020,Schweppes Club Soda,Mixer,Greenco,11,1,11
12/15/2020,Schweppes Club Soda,Mixer,Greenco,14.25,1,14.25
1/5/2021,Schweppes Club Soda,Mixer,Greenco,14.25,2,28.5
2/9/2021,Schweppes Club Soda,Mixer,Greenco,14.25,2,28.5
2/23/2021,Schweppes Club Soda,Mixer,Greenco,14.25,2,28.5
3/30/2021,Schweppes Club Soda,Mixer,Greenco,14.25,2,28.5
4/6/2021,Schweppes Club Soda,Mixer,Greenco,14.25,2,28.5
4/14/2021,Schweppes Club Soda,Mixer,Greenco,14.25,2,28.5
4/20/2021,Schweppes Club Soda,Mixer,Greenco,14.25,2,28.5
2/16/2021,Schweppes Club Soda,Mixer,Greenco,14.25,3,42.75
3/10/2021,Schweppes Club Soda,Mixer,Greenco,14.25,3,42.75
1/19/2021,Schweppes Gingerale,Mixer,Greenco,14.25,1,14.25
2/2/2021,Schweppes Gingerale,Mixer,Greenco,14.25,1,14.25
2/9/2021,Schweppes Gingerale,Mixer,Greenco,14.25,1,14.25
3/2/2021,Schweppes Gingerale,Mixer,Greenco,14.25,1,14.25
3/10/2021,Schweppes Gingerale,Mixer,Greenco,14.25,1,14.25
3/16/2021,Schweppes Gingerale,Mixer,Greenco,14.25,1,14.25
3/30/2021,Schweppes Gingerale,Mixer,Greenco,14.25,1,14.25
4/6/2021,Schweppes Gingerale,Mixer,Greenco,14.25,1,14.25
4/27/2021,Schweppes Gingerale,Mixer,Greenco,14.25,1,14.25
12/29/2020,Schweppes Gingerale,Mixer,Greenco,11,1,11
12/8/2020,Schweppes Gingerale,Mixer,Greenco,14.25,1,14.25
12/15/2020,Schweppes Gingerale,Mixer,Greenco,14.25,1,14.25
1/5/2021,Schweppes Gingerale,Mixer,Greenco,14.25,2,28.5
4/20/2021,Schweppes Gingerale,Mixer,Greenco,14.25,2,28.5
1/12/2021,Schweppes Tonic,Mixer,Greenco,14.25,1,14.25
2/2/2021,Schweppes Tonic,Mixer,Greenco,14.25,1,14.25
3/2/2021,Schweppes Tonic,Mixer,Greenco,14.25,1,14.25
3/10/2021,Schweppes Tonic,Mixer,Greenco,14.25,1,14.25
3/16/2021,Schweppes Tonic,Mixer,Greenco,14.25,1,14.25
3/30/2021,Schweppes Tonic,Mixer,Greenco,14.25,1,14.25
4/6/2021,Schweppes Tonic,Mixer,Greenco,14.25,1,14.25
5/11/2021,Schweppes Tonic,Mixer,Greenco,14.25,1,14.25
5/25/2021,Schweppes Tonic,Mixer,Greenco,14.25,1,14.25
2/23/2021,Scofflaw Peachtree Seltzer,Can/Bottle,Breakthru,32.88,1,32.88
1/5/2021,Seattle Cider Basil Mint,Can/Bottle,Breakthru,47.94,1,47.94
1/19/2021,Seattle Cider Basil Mint,Can/Bottle,Breakthru,47.94,1,47.94
3/23/2021,Seattle Cider Basil Mint,Can/Bottle,Breakthru,47.94,1,47.94
4/6/2021,Seattle Cider Basil Mint,Can/Bottle,Breakthru,47.94,1,47.94
5/25/2021,Seattle Cider Berry ,Can/Bottle,Breakthru,47.94,1,47.94
5/24/2021,Shrub & Co Yucatan Honey Shrub,Mixer,Southern,15.39,1,15.39
3/25/2021,Shrub & Co Yucatan Honey Shrub,Mixer,Southern,15.39,2,30.78
9/10/2021,Sierra Nevada Pale,Can/Bottle,Southern,25.07,1,25.07
11/24/2021,Sierra Nevada Pale,Can/Bottle,Southern,25.07,1,25.07
10/14/2021,Sierra Nevada Pale,Can/Bottle,Southern,25.07,1,25.07
5/24/2021,Sierra Nevada Pale,Can/Bottle,Southern,50.14,1,50.14
2/4/2021,Sierra Nevada Pale,Can/Bottle,Southern,25.07,1,25.07
2/25/2021,Sierra Nevada Pale,Can/Bottle,Southern,25.07,1,25.07
3/11/2021,Sierra Nevada Pale,Can/Bottle,Southern,25.07,2,50.14
9/4/2021,Six & Twenty Carolina Cream,Liquor,Tony's,19.99,1,19.99
12/11/2020,Six & Twenty Carolina Cream,Liquor,Tony's,19.99,1,19.99
3/13/2021,Six & Twenty Carolina Cream,Liquor,Tony's,19.99,1,19.99
4/26/2021,Six & Twenty Carolina Cream,Liquor,Tony's,19.99,2,39.98
2/3/2021,Six & Twenty Carolina Cream,Liquor,Tony's,19.99,2,39.98
12/4/2020,Six & Twenty Old Money Whiskey,Liquor,Tony's,34.99,1,34.99
12/16/2021,Six & Twenty Rum,Liquor,Tony's,39.99,1,39.99
2/2/2021,Sixpoint Resin DIPA,Can/Bottle,Advintage,45,1,45
12/8/2020,Skrewball Whiskey,Liquor,Tony's,24.99,1,24.99
8/24/2021,Slane Irish Whisky,Liquor,Tony's,22.99,5,114.95
2/1/2021,Slow & Low Rye,Liquor,Tony's,21.99,1,21.99
3/15/2021,Slow & Low Rye,Liquor,Tony's,21.99,1,21.99
4/26/2021,Slow & Low Rye,Liquor,Tony's,21.99,1,21.99
4/19/2021,Slow & Low Rye,Liquor,Tony's,21.99,1,21.99
3/29/2021,Slow & Low Rye,Liquor,Tony's,21.99,1,21.99
11/24/2021,Smithwicks Irish Red,Can/Bottle,Southern,28.76,1,28.76
9/10/2021,Smithwicks Irish Red,Can/Bottle,Southern,28.76,1,28.76
5/24/2021,Smithwicks Irish Red,Can/Bottle,Southern,28.76,1,28.76
2/25/2021,Smithwicks Irish Red,Can/Bottle,Southern,28.76,1,28.76
3/11/2021,Smithwicks Irish Red,Can/Bottle,Southern,28.76,1,28.76
3/25/2021,Smithwicks Irish Red,Can/Bottle,Southern,28.76,1,28.76
11/30/2021,Pinot Noir,Wine,Advintage,7.65,12,91.8
12/28/2021,Brut,Wine,Advintage,7.99,12,95.88
2/17/2021,Squirrel PB Whiskey,Liquor,Tony's,17.6,1,17.6
9/24/2021,St Germain,Liquor,Tony's,28.99,1,28.99
3/3/2021,St Germain,Liquor,Tony's,28.99,1,28.99
3/22/2021,St Germain,Liquor,Tony's,28.99,1,28.99
5/17/2021,St Germain,Liquor,Tony's,28.99,1,28.99
6/26/2021,St Germain,Liquor,Tony's,28.99,1,28.99
1/18/2021,St Germain,Liquor,Tony's,28.99,1,28.99
2/17/2021,St Germain,Liquor,Tony's,28.99,2,57.98
8/24/2021,Steart's Cream Soda,Mixer,Greenco,21.5,1,21.5
1/19/2021,Steelhands Coffee Lager,Can/Bottle,KW,30.36,1,30.36
2/2/2021,Steelhands Coffee Lager,Can/Bottle,KW,26.96,1,26.96
3/23/2021,Stewarts Cream Soda,Can/Bottle,Greenco,21.5,1,21.5
2/2/2021,Stewarts Cream Soda,Mixer,Greenco,20.5,1,20.5
6/22/2021,Stewart's Cream Soda,Mixer,Greenco,21.5,1,21.5
8/1/2021,Stewart's Cream Soda,Mixer,Greenco,21.5,1,21.5
12/30/2021,Stoli Blueberry Vodka,Liquor,Tony's,23.99,1,23.99
4/3/2021,Tanqueray,Liquor,Tony's,28.3,1,28.3
12/21/2020,Tanqueray,Liquor,Tony's,28.49,1,28.49
1/18/2021,Tanqueray,Liquor,Tony's,28.49,1,28.49
3/13/2021,Tanqueray,Liquor,Tony's,28.49,1,28.49
6/14/2021,Tanqueray,Liquor,Tony's,28.49,1,28.49
5/17/2021,Tanqueray,Liquor,Tony's,28.49,1,28.49
3/13/2021,Tanqueray Sevilla,Liquor,Tony's,20.99,1,20.99
2/28/2021,Tanqueray Sevilla,Liquor,Tony's,19.99,1,19.99
1/5/2021,Tecate,Can/Bottle,Greenco,19.98,1,19.98
1/26/2021,Tecate,Can/Bottle,Greenco,19.98,1,19.98
2/16/2021,Tecate,Can/Bottle,Greenco,19.98,1,19.98
2/23/2021,Tecate,Can/Bottle,Greenco,19.98,1,19.98
3/2/2021,Tecate,Can/Bottle,Greenco,19.98,1,19.98
3/16/2021,Tecate,Can/Bottle,Greenco,19.98,1,19.98
4/27/2021,Tecate,Can/Bottle,Greenco,19.98,1,19.98
12/15/2020,Tecate,Can/Bottle,Greenco,19.98,1,19.98
11/23/2021,Tecate,Can/Bottle,Greenco,21.35,1,21.35
12/22/2021,Tecate,Can/Bottle,Greenco,21.35,1,21.35
6/8/2021,Tecate,Can/Bottle,Greenco,19.98,1,19.98
4/6/2021,Tecate,Can/Bottle,Greenco,14.72,2,29.44
4/14/2021,Tecate,Can/Bottle,Greenco,14.72,2,29.44
3/10/2021,Tecate,Can/Bottle,Greenco,19.98,2,39.96
3/30/2021,Tecate,Can/Bottle,Greenco,19.98,2,39.96
5/4/2021,Tecate,Can/Bottle,Greenco,19.98,2,39.96
7/27/2021,Tecate,Can/Bottle,Greenco,19.98,2,39.96
11/16/2021,Tecate,Can/Bottle,Greenco,21.35,2,42.7
10/12/2021,Sauvignon Blanc,Wine,Breakthru,40.49,1,40.49
6/19/2021,Tito's,Liquor,Tony's,22.99,1,22.99
4/12/2021,Tito's,Liquor,Tony's,22.99,1,22.99
4/26/2021,Tito's,Liquor,Tony's,22.99,1,22.99
4/19/2021,Tito's,Liquor,Tony's,22.99,1,22.99
3/22/2021,Tito's,Liquor,Tony's,22.99,3,68.97
9/11/2021,Tito's ,Liquor,Tony's,22.99,1,22.99
9/9/2021,Tito's ,Liquor,Tony's,22.99,2,45.98
9/24/2021,Tito's ,Liquor,Tony's,22.99,2,45.98
2/17/2021,Tito's ,Liquor,Tony's,22.99,1,22.99
2/22/2021,Tito's ,Liquor,Tony's,22.99,1,22.99
12/4/2020,Tito's ,Liquor,Tony's,22.99,1,22.99
1/22/2021,Tito's ,Liquor,Tony's,22.99,1,22.99
3/1/2021,Tito's ,Liquor,Tony's,22.99,1,22.99
3/6/2021,Tito's ,Liquor,Tony's,22.99,1,22.99
1/4/2021,Tito's ,Liquor,Tony's,22.99,2,45.98
3/29/2021,Tito's ,Liquor,Tony's,22.99,2,45.98
3/15/2021,Tito's ,Liquor,Tony's,22.99,3,68.97
12/8/2020,Tripel Sec,Liquor,Tony's,7.99,1,7.99
1/5/2021,Truly Berry Variety,Can/Bottle,Greenco,28.8,1,28.8
3/10/2021,Truly Berry Variety,Can/Bottle,Greenco,28.8,1,28.8
3/16/2021,Truly Berry Variety,Can/Bottle,Greenco,28.8,1,28.8
3/30/2021,Truly Berry Variety,Can/Bottle,Greenco,28.8,1,28.8
4/20/2021,Truly Berry Variety,Can/Bottle,Greenco,28.8,1,28.8
1/5/2021,Truly Berry Variety,Can/Bottle,Greenco,33.58,1,33.58
12/15/2020,Truly Berry Variety,Can/Bottle,Greenco,35.18,1,35.18
12/29/2020,Truly Berry Variety,Can/Bottle,Greenco,35.18,1,35.18
4/27/2021,Truly Berry Variety,Can/Bottle,Greenco,28.8,2,57.6
10/6/2021,Upcountry Sippin on Ginger Juice,Can/Bottle,Carolina,35.16,2,35.16
6/14/2021,Upcountry Strawb Milk IPA,Can/Bottle,Carolina,33.96,1,33.96
10/6/2021,Upcountry Strawb Milk IPA,Can/Bottle,Carolina,35.16,1,35.16
8/31/2021,Victory Sour Monkey,Can/Bottle,KW,39.86,1,39.86
5/18/2021,Victory Sour Monkey,Can/Bottle,KW,38.36,1,38.36
8/17/2021,Victory Sour Monkey,Can/Bottle,KW,38.36,1,38.36
4/27/2021,victory Sour Monkey,Can/Bottle,KW,39.86,1,39.86
5/4/2021,victory Sour Monkey,Can/Bottle,KW,39.86,1,39.86
6/29/2021,Victory Sour Monkey,Can/Bottle,KW,39.86,1,39.86
7/6/2021,Victory Sour Monkey,Can/Bottle,KW,39.86,1,39.86
7/27/2021,Victory Sour Monkey,Can/Bottle,KW,39.86,1,39.86
8/1/2021,Victory Sour Monkey,Can/Bottle,KW,39.86,1,39.86
12/7/2021,Victory Sour Monkey,Can/Bottle,KW,39.86,1,39.86
12/22/2021,Victory Sour Monkey,Can/Bottle,KW,39.86,1,39.86
12/28/2021,Victory Sour Monkey,Can/Bottle,KW,39.86,1,39.86
6/1/2021,Victory Sour Monkey,Can/Bottle,KW,38.36,2,76.72
12/29/2020,Victory Sour Monkey,Can/Bottle,KW,38.36,1,38.36
1/19/2021,Victory Sour Monkey,Can/Bottle,KW,38.36,1,38.36
2/23/2021,Victory Sour Monkey,Can/Bottle,KW,35.16,1,35.16
2/16/2021,Victory Sour Monkey,Can/Bottle,KW,38.36,1,38.36
9/21/2021,Victory Sour Monkey,Can/Bottle,KW,39.86,1,39.86
11/30/2021,Victory Sour Monkey,Can/Bottle,KW,38.36,1,38.36
3/16/2021,Victory Sour Monkey,Can/Bottle,KW,39.86,1,39.86
3/30/2021,Victory Sour Monkey,Can/Bottle,KW,39.86,1,39.86
10/12/2021,Victory Sour Monkey,Can/Bottle,KW,39.86,1,39.86
11/9/2021,Victory Sour Monkey,Can/Bottle,KW,39.86,1,39.86
1/26/2021,Vizzy Pineapple Mango,Can/Bottle,Greenco,28.76,1,28.76
11/30/2021,Weihen Heffe,Can/Bottle,Greenco,43.5,1,43.5
8/17/2021,Weihen Heffe,Can/Bottle,Greenco,43.5,1,43.5
11/16/2021,Weihen Heffe,Can/Bottle,Greenco,43.5,1,43.5
2/16/2021,Weihen Heffe,Can/Bottle,Greenco,40.9,1,40.9
3/23/2021,Weihen Heffe,Can/Bottle,Greenco,40.9,1,40.9
5/25/2021,Weihen Heffe,Can/Bottle,Greenco,43.5,1,43.5
6/29/2021,Weihen Heffe,Can/Bottle,Greenco,43.5,1,43.5
8/10/2021,Weihen Heffe,Can/Bottle,Greenco,43.5,1,43.5
9/7/2021,Weihen Heffe,Can/Bottle,Greenco,43.5,1,43.5
11/30/2021,Weihen Heffe,Can/Bottle,Greenco,43.5,1,43.5
12/8/2020,Weihen Heffe,Can/Bottle,Greenco,38.5,1,38.5
12/22/2020,Weihen Heffe,Can/Bottle,Greenco,38.5,1,38.5
1/5/2021,Weihen Heffe,Can/Bottle,Greenco,40.9,1,40.9
1/12/2021,Weihen Heffe,Can/Bottle,Greenco,40.9,1,40.9
1/26/2021,Weihen Heffe,Can/Bottle,Greenco,40.9,1,40.9
3/2/2021,Weihen Heffe,Can/Bottle,Greenco,40.9,1,40.9
3/30/2021,Weihen Heffe,Can/Bottle,Greenco,40.9,1,40.9
4/20/2021,Weihen Heffe,Can/Bottle,Greenco,43.5,1,43.5
5/11/2021,Weihen Heffe,Can/Bottle,Greenco,43.5,1,43.5
6/1/2021,Weihen Heffe,Can/Bottle,Greenco,43.5,1,43.5
6/15/2021,Weihen Heffe,Can/Bottle,Greenco,43.5,1,43.5
7/13/2021,Weihen Heffe,Can/Bottle,Greenco,43.5,1,43.5
12/28/2021,Weihen Heffe,Can/Bottle,Greenco,43.5,2,87
3/23/2021,Weihen Original,Can/Bottle,Greenco,40.9,1,40.9
8/17/2021,Weihen Original,Can/Bottle,Greenco,43.5,1,43.5
9/21/2021,Weihen Original,Can/Bottle,Greenco,43.5,1,43.5
6/1/2021,Weihen Original,Can/Bottle,Greenco,43.5,1,43.5
5/11/2021,Weihen Original,Can/Bottle,Greenco,43.5,1,43.5
3/2/2021,Weihen Original,Can/Bottle,Greenco,40.9,1,40.9
7/13/2021,Weihen Original,Can/Bottle,Greenco,43.5,1,43.5
12/15/2020,Weihen Original,Can/Bottle,Greenco,38.5,1,38.5
1/5/2021,Weihen Original,Can/Bottle,Greenco,40.9,1,40.9
8/17/2021,Westbrook Lemon Cucumber Gose,Can/Bottle,Advintage,38,1,38
5/4/2021,Westbrook Lemon Cucumber Gose,Can/Bottle,Advintage,38,1,38
5/18/2021,Westbrook Lemon Cucumber Gose,Can/Bottle,Advintage,38,1,38
5/4/2021,Westbrook Orange Creamsicle Seltzer,Can/Bottle,Advintage,57.5,1,57.5
5/4/2021,Westbrook White Thai,Can/Bottle,Advintage,35,1,35
4/6/2021,Westbrook White Thai,Can/Bottle,Advintage,39,1,39
4/20/2021,Westbrook White Thai,Can/Bottle,Advintage,39,1,39
12/7/2021,White Claw,Can/Bottle,Greenco,28.8,1,28.8
11/23/2021,White Claw,Can/Bottle,Greenco,28.8,1,28.8
11/16/2021,White Claw,Can/Bottle,Greenco,28.8,2,57.6
10/5/2021,White Claw,Can/Bottle,Reyes,28.8,4,115.2
2/2/2021,White Claw,Can/Bottle,Greenco,28.8,1,28.8
2/23/2021,White Claw,Can/Bottle,Greenco,28.8,1,28.8
3/23/2021,White Claw,Can/Bottle,Greenco,28.8,1,28.8
3/30/2021,White Claw,Can/Bottle,Greenco,28.8,1,28.8
4/14/2021,White Claw,Can/Bottle,Greenco,28.8,1,28.8
12/29/2020,White Claw,Can/Bottle,Greenco,28.8,1,28.8
6/22/2021,White Claw,Can/Bottle,Greenco,28.8,1,28.8
7/13/2021,White Claw,Can/Bottle,Greenco,28.8,1,28.8
8/10/2021,White Claw,Can/Bottle,Greenco,28.8,1,28.8
8/17/2021,White Claw,Can/Bottle,Greenco,28.8,1,28.8
5/25/2021,White Claw,Can/Bottle,Greenco,28.8,2,57.6
8/24/2021,White Claw,Can/Bottle,Greenco,28.8,2,57.6
9/14/2021,White Claw,Can/Bottle,Greenco,28.8,2,57.6
4/27/2021,White Claw,Can/Bottle,Greenco,33.58,2,67.16
5/4/2021,White Claw,Can/Bottle,Greenco,33.58,2,67.16
7/27/2021,White Claw,Can/Bottle,Greenco,28.08,3,84.24
6/1/2021,White Claw,Can/Bottle,Greenco,28.8,3,86.4
6/8/2021,White Claw,Can/Bottle,Greenco,28.8,3,86.4
12/15/2020,White Claw,Can/Bottle,Greenco,28.8,1,28.8
12/22/2020,White Claw,Can/Bottle,Greenco,28.8,1,28.8
1/12/2021,White Claw,Can/Bottle,Greenco,28.8,1,28.8
1/26/2021,White Claw,Can/Bottle,Greenco,28.8,1,28.8
2/2/2021,White Claw,Can/Bottle,Greenco,28.8,1,28.8
12/29/2020,White Claw,Can/Bottle,Greenco,28.8,1,28.8
2/2/2021,White Claw,Can/Bottle,Greenco,28.8,1,28.8
6/8/2021,Wicked Weed Freak of Nature DIPA,Can/Bottle,KW,41.57,1,41.57
4/13/2021,Wicked Weed Freak of Nature DIPA,Can/Bottle,KW,41.57,1,41.57
12/22/2021,Wicked Weed Freak of Nature DIPA,Can/Bottle,KW,41.57,1,41.57
11/2/2021,Wicked Weed Freak of Nature DIPA,Can/Bottle,KW,41.57,1,41.57
9/29/2021,Wicked Weed Freak of Nature DIPA,Can/Bottle,KW,41.57,1,41.57
1/12/2021,Wicked Weed Rasberry Starfruit ,Can/Bottle,KW,37.95,1,37.95
11/2/2021,Woffler Dry Rose,Can/Bottle,Advintage,68,1,68
1/12/2021,Woffler Dry Rose,Can/Bottle,Advintage,68,1,68
11/30/2021,Woffler Dry Rose,Can/Bottle,Advintage,68,1,68
3/28/2021,Woffler Dry Rose,Can/Bottle,Advintage,68,1,68
7/6/2021,Woffler Dry Rose,Can/Bottle,Advintage,68,1,68
2/16/2021,Woffler Dry Rose,Can/Bottle,Advintage,68,1,68
5/4/2021,Woffler Dry Rose,Can/Bottle,Advintage,68,1,68
12/18/2020,Woodford Reserve,Liquor,Tony's,32.99,1,32.99
2/3/2021,Woodford Reserve,Liquor,Tony's,32.99,1,32.99
2/17/2021,Woodford Reserve,Liquor,Tony's,32.99,1,32.99
3/22/2021,Woodford Reserve,Liquor,Tony's,32.99,1,32.99
6/26/2021,Woodford Reserve,Liquor,Tony's,33.99,1,33.99
1/5/2021,Young's Double Choc ,Can/Bottle,Advintage,51.5,1,51.5
6/1/2021,Young's Double Choc ,Can/Bottle,Advintage,51.5,1,51.5
8/17/2021,Young's Double Choc ,Can/Bottle,Advintage,51.5,1,51.5
3/2/2021,Young's Double Choc ,Can/Bottle,Advintage,51.5,1,51.5
10/5/2021,Young's Double Choc ,Can/Bottle,Advintage,51.5,1,51.5
9/21/2021,Young's Double Choc ,Can/Bottle,Advintage,51.5,1,51.5
11/30/2021,Young's Double Choc ,Can/Bottle,Advintage,51.5,1,51.5
12/8/2020,Zing Zang,Liquor,Tony's,4.5,2,9
3/8/2021,Zing Zang,Liquor,Tony's,4.5,3,13.5
3/1/2021,Zing Zang,Liquor,Tony's,4.5,5,22.5
4/19/2021,Zing Zang,Liquor,Tony's,4.5,5,22.5
3/22/2021,Zing Zang,Liquor,Tony's,4.5,10,45
4/26/2021,Zing Zang,Liquor,Tony's,4.5,10,45
1/18/2021,Zing Zang,Mixer,Tony's,4.5,4,18
12/21/2020,Zing Zang,Mixer,Tony's,4.5,5,22.5
